방위	각도	지역	춘천_1월	춘천_2월	춘천_3월	춘천_4월	춘천_5월	춘천_6월	춘천_7월	춘천_8월	춘천_9월	춘천_10월	춘천_11월	춘천_12월	춘천_연간합
월			1월	2월	3월	4월	5월	6월	7월	8월	9월	10월	11월	12월	연간합
수평	0	춘천	29265.94797	33883.33502	46984.64536	43238.18113	52001.70729	45122.89409	44037.14239	42090.58465	38813.15369	35834.46596	31740.53457	25788.30621	342534.3139
남	30	춘천	49496.24939	50343.81168	59478.258	47424.04839	52117.57706	43937.58536	44388.43837	45646.1192	45495.35768	49553.334	51286.27967	46350.16251	427484.6197
남	45	춘천	55636.57507	54495.17836	60821.15016	45763.24337	48084.88075	40037.39295	41159.18565	43843.95948	45269.19549	52437.70893	56909.96916	52897.33295	435997.5265
남	60	춘천	58500.5439	55484.68704	58696.56463	41706.89577	41669.29118	34289.88052	35989.77106	39778.99989	42629.14629	52346.83641	59189.27759	56299.11079	420713.8055
남	90	춘천	53855.29115	47928.4677	44851.25143	27556.77045	23853.51514	19303.58684	21533.52771	26095.45289	30965.15245	43466.45649	53331.92644	52969.33838	325010.1602
남동	30	춘천	43614.56282	46231.17271	55029.3579	46563.32588	52741.09934	44229.77389	44900.77008	43470.92491	45054.51853	47091.93877	45970.94636	40456.0565	405491.4191
남동	45	춘천	47444.90385	48907.00869	54971.52319	44952.15064	49550.95476	40859.68534	42171.21234	41220.36633	44796.72605	49116.97454	49408.02439	44581.55825	407296.227
남동	60	춘천	48588.36424	48893.34382	52431.69977	41558.60194	44378.0529	35948.58786	37792.34199	37467.00462	42399.00835	48555.66277	50093.31613	46257.21185	389965.9089
남동	90	춘천	42696.14927	41165.53153	40398.69302	30328.72903	30224.69836	23841.22687	26033.55842	26491.49369	32005.84858	40109.81886	43386.60407	41639.64777	305158.1515
남서	30	춘천	42638.55383	43783.43732	54824.62466	45369.93499	49894.27221	43307.32153	42972.45936	45083.7236	41234.1704	43004.57479	43747.14475	39161.74849	390736.1294
남서	45	춘천	45941.11544	45379.69766	54652.04562	43368.14571	45721.73211	39760.70106	39887.79875	43370.12939	39615.18483	43585.44565	46455.17722	42847.46442	387426.8513
남서	60	춘천	46774.32221	44706.45253	52106.34925	39749.69439	40180.07975	34867.38624	35436.84183	39812.05264	36488.3471	41990.01418	46534.56862	44123.74449	367058.5463
남서	90	춘천	40699.21472	36692.03798	40150.81008	28555.11175	26830.85979	23052.46065	24219.51375	28486.52098	26376.84677	33217.14258	39376.48712	39123.10279	282305.9126
동	30	춘천	29515.51191	34557.50725	44460.79497	42387.53026	50610.02598	43325.21562	43650.08496	39390.98794	39809.99168	37503.90403	31822.01226	26353.84572	338495.8204
동	45	춘천	28841.6187	33528.642	41815.50381	39993.50774	47132.63802	39940.46744	40808.96375	36313.96231	38006.63561	36597.59249	30782.95	25917.18953	321138.2478
동	60	춘천	27444.714	31719.50773	38510.08266	36697.5379	42468.98344	35552.28295	36839.95385	32563.77626	35031.89525	34553.89167	29189.38529	24959.83384	296156.5816
동	90	춘천	23165.3548	26021.40833	30086.50412	28139.34368	31203.14577	25923.44393	27549.45348	24186.04606	26787.21863	27819.24877	23932.98778	21183.62061	230714.0121
서	30	춘천	28279.23261	31567.7045	44234.59275	40680.23654	46528.21342	41992.58517	40944.01614	41635.69976	34770.66744	32208.0059	29303.13596	24841.21899	319322.2763
서	45	춘천	27215.12914	29853.08141	41594.85291	37798.87945	41874.04717	38340.1589	37530.70305	39097.40515	31685.88536	29919.59128	27677.24423	24057.99647	297142.3872
서	60	춘천	25874.80842	27719.96904	38239.62622	34232.71131	36811.85116	33898.18155	33406.34286	35497.6516	28266.28464	27455.28094	25561.32163	22785.56534	270170.8567
서	90	춘천	21426.02165	22207.26133	29835.10182	25906.85431	26695.69947	24356.28797	24380.71367	26651.63728	21047.72681	21842.41585	20813.28637	19349.11035	207867.1124
북서	30	춘천	14706.7089	19513.60988	32105.0406	35196.62929	43100.1674	40173.55971	38830.70989	36779.31452	28706.71532	21932.84496	15758.81168	11494.31849	247412.9953
북서	45	춘천	11359.61245	14957.49492	25427.41702	29709.586	36054.97907	34937.66761	33689.14546	31951.00868	23371.9651	17191.83602	11748.35561	8885.755681	204316.5474
북서	60	춘천	10280.92808	12847.34747	20903.17978	24909.87752	29375.49219	29153.67308	28294.41102	27076.73299	19463.992	14755.0577	10309.61418	8364.830179	172449.8405
북서	90	춘천	10042.50727	11651.60805	16430.26604	18758.18941	20746.00917	20158.21847	20093.70359	20015.68498	15089.94378	12892.91639	10023.62954	8759.278957	135012.8597
북동	30	춘천	15175.49725	21237.7001	32243.32045	36505.38681	46207.95988	41274.98585	41029.3598	35094.59923	32341.1352	25388.24125	17063.31697	12218.75658	260118.9628
북동	45	춘천	11811.28059	16714.33283	25492.08616	31399.77571	40186.93284	36376.84858	36545.9869	29819.31551	27627.69536	20680.65152	12880.67929	9362.631823	218578.0016
북동	60	춘천	10654.951	14354.91213	20963.59603	26691.8907	33764.35273	30667.00231	31274.92553	24944.91798	23448.1299	17609.78978	11186.7573	8605.966752	185858.9866
북동	90	춘천	10468.86358	12570.48917	16538.63926	20137.66196	23726.66228	21585.74546	22760.93373	18523.83973	17577.80914	14452.82106	10424.96865	8834.696246	144438.2252
북	30	춘천	7919.565923	13142.03037	25845.93827	33283.45379	43220.13254	40131.55662	39117.0676	34022.35148	27311.17313	17291.85453	8810.993455	6030.810173	216743.3159
북	45	춘천	7969.465495	8579.478285	13738.10856	25694.95453	35362.40725	34491.83565	33608.67225	27359.57819	19543.72202	10351.01183	7684.668271	6622.947949	169153.4098
북	60	춘천	8533.797026	9135.865706	9774.577241	17120.94097	25857.80303	27222.78744	26524.22654	19512.56057	13558.96495	10493.71171	8252.943086	7226.265628	134066.0287
북	90	춘천	9443.357542	10005.53391	11207.91654	13416.08252	14956.07063	15662.18237	16302.04425	14471.68517	12781.94228	10952.92834	9268.788793	8300.757541	107248.8573
수평	0	강릉	29902.37878	34045.95834	43643.78003	46995.11555	51370.96603	48064.35359	42650.95929	41442.38853	41525.79986	40314.35078	28724.31947	27809.28844	348089.5669
남	30	강릉	51130.28599	50408.39363	55495.71777	51803.06982	51190.75658	46251.91031	42747.48653	44496.72262	49789.97458	56745.94681	45242.26333	50032.79618	434665.9836
남	45	강릉	57613.29048	54506.5465	56901.16781	50017.49091	47081.02497	41803.47474	39545.46821	42540.1614	49897.77637	60298.91383	49888.63541	57102.42959	443231.0585
남	60	강릉	60685.81749	55444.84429	55094.58751	45568.02587	40656.82666	35415.11184	34459.55149	38435.37718	47254.10189	60346.35675	51645.98297	60768.56766	427507.4867
남	90	강릉	56008.57633	47805.79744	42547.77858	29900.4955	23011.1301	19255.39646	20436.36294	24903.79394	34605.97443	50150.85366	46219.60689	57139.96159	329715.8087
남동	30	강릉	43859.09215	45063.85972	51251.95402	48847.11892	50006.49426	45975.96237	41818.3248	42160.5094	46529.96501	50598.77825	40084.62753	42200.99122	400408.7701
남동	45	강릉	47447.49148	47138.5477	51219.28257	46564.20353	46182.61222	42162.4273	38758.4294	39836.9364	45744.70882	51905.22189	42666.93248	46027.5441	398321.5334
남동	60	강릉	48453.24165	46762.95614	48958.9896	42548.69744	40766.94435	36946.88856	34505.40617	36075.10861	42976.81793	50475.28043	42855.70361	47331.6308	378546.4956
남동	90	강릉	42292.72813	38897.08921	37820.18533	30377.3374	27410.35054	24464.70721	23897.4821	25489.60942	32331.00035	40626.76672	36762.29595	42043.69837	293620.4199
남서	30	강릉	44620.12315	45079.51359	51360.62675	50791.92414	50902.1127	46508.73571	42880.83753	44705.74035	47174.10232	51653.0998	39732.36746	43555.2678	408202.8557
남서	45	강릉	48433.2669	47075.85826	51330.25164	49086.63673	47341.91989	42793.2857	40231.90144	43176.60973	46548.35906	53459.20819	42274.11997	48028.81883	408750.1764
남서	60	강릉	49644.28652	46745.05206	49076.34085	45360.98419	42039.71043	37615.51604	36099.88837	39847.10659	43772.80392	52309.70222	42445.7646	49727.79517	390379.2781
남서	90	강릉	43639.26074	38831.48243	37968.70114	32907.16195	28475.58613	25060.47499	25024.42109	28856.6725	32971.9928	42429.61769	36176.17993	44526.15516	304302.9275
동	30	강릉	28794.00519	32982.12719	41474.30044	42949.81077	47296.48732	44863.15324	40127.3552	38356.97434	39372.01804	37839.94841	28262.16824	26344.80966	327699.9448
동	45	강릉	27736.61395	31664.53568	39037.12503	39528.11494	43118.54039	41135.96635	36968.2363	35249.01495	36958.01684	35719.37912	27353.81404	25349.46327	306585.9343
동	60	강릉	26261.51288	29901.25516	35959.07141	35605.52975	38313.17571	36641.28507	33245.31634	31608.14539	33830.08846	33069.1459	25851.68702	24189.21977	280730.5455
동	90	강릉	21961.12816	24458.13606	28032.41355	26911.8599	28214.7838	26822.76284	24889.77693	23776.74675	25938.04368	26454.42671	21069.93924	20417.85457	218238.4086
서	30	강릉	29531.15546	33125.88044	41644.99045	45489.11686	48391.6641	45657.78724	41578.53658	41828.59175	40161.97638	39090.38432	27864.91095	27918.0458	337733.3476
서	45	강릉	28681.68051	31794.6138	39253.5524	42760.15603	44552.3898	42114.98705	38836.38592	39741.76265	37768.65022	37190.31887	26713.59485	27372.53133	319090.9943
서	60	강릉	27440.98772	29901.37348	36167.71722	39034.28295	39909.97368	37637.96894	35112.73862	36474.67879	34663.94881	34666.06606	25000.01035	26148.23838	293780.5729
서	90	강릉	23010.56417	24236.58229	28242.57226	29636.41749	29236.09878	27749.00698	26284.31461	27746.7231	26937.38165	28009.25731	20710.75303	22311.58426	229432.9351
북서	30	강릉	14562.8276	20512.3461	30538.5072	38003.5945	44440.05568	43556.19918	39078.6494	37011.17677	31796.39147	25178.22669	15894.38521	12420.41779	258047.7239
북서	45	강릉	10939.24997	15988.73631	24510.23583	31927.45269	38137.1705	38171.91732	34622.13164	32579.51287	26315.13004	19436.75228	12444.05986	9182.47066	215161.7916
북서	60	강릉	9764.994813	13702.70119	20438.27976	26561.64072	31733.95522	32165.78551	29626.60502	27906.99157	22151.86791	16228.36873	11056.24577	8406.026339	182616.0887
북서	90	강릉	9724.809784	12064.46629	16191.16731	19595.21263	22141.5641	22709.50854	21407.22984	20774.78044	17315.03634	13627.49843	10233.37945	8808.292231	142232.0345
북동	30	강릉	14257.77011	20417.81563	30398.30153	36142.94656	43699.30031	42911.97376	38071.42022	34386.74295	31272.8988	24405.75486	16237.59954	11855.3768	251471.4256
북동	45	강릉	10720.4399	16031.03591	24319.25949	29667.64421	37090.03969	37332.03494	33222.74912	29216.7677	25831.74376	18697.05812	12618.1816	8823.246992	207291.2048
북동	60	강릉	9552.062402	13822.73341	20250.5485	24376.37588	30645.75305	31259.10135	28234.82294	24532.1941	21615.89995	15529.23912	11007.65524	8062.46421	174619.8509
북동	90	강릉	9586.51562	12310.58176	16042.47382	18271.93089	21762.44218	21995.3693	20561.99474	18527.44913	16542.75147	13231.29232	10155.22943	8609.286552	137078.8754
북	30	강릉	6937.875943	13243.90475	24708.08907	33828.06326	42689.91612	42666.22049	37790.65895	33858.90431	27553.53885	17216.04954	9466.150365	5580.676172	216203.8991
북	45	강릉	6920.860003	8455.852866	13782.18385	24544.42529	34927.70033	36524.17179	32426.00164	27426.01679	18453.56579	8491.783272	8168.027367	6188.160114	165660.3234
북	60	강릉	7596.155571	9073.446563	10843.35476	14538.81956	25540.74266	28594.78597	25549.82218	19779.35579	12300.04347	8922.070899	8543.235301	6867.191255	130354.1405
북	90	강릉	8900.115698	10081.89406	11749.56924	11927.71083	14538.62587	15846.92656	15520.07675	14266.04251	12370.8565	10413.48625	9061.239588	8240.945536	104423.7541
수평	0	서울	32254.01629	34821.48639	44520.90573	42516.61478	48899.87848	45174.04917	42236.97007	38053.78864	38780.43626	35044.11918	28444.92875	26721.68496	334131.714
남	30	서울	53231.05442	49949.08246	55478.81411	47045.64646	49006.78543	43521.23037	43048.55017	41222.85349	45259.9673	48015.45136	43608.80366	45696.73941	412520.4346
남	45	서울	59408.66265	53492.52067	56465.41196	45591.09806	45292.55603	39421.70707	40183.32394	39668.07502	44993.06302	50659.77696	47735.27935	51526.7534	419264.7927
남	60	서울	62080.94114	53969.57555	54297.324	41744.78522	39385.90438	33508.78155	35406.8835	36145.02317	42365.5137	50442.01168	49127.43888	54328.92867	403397.789
남	90	서울	56432.35644	45805.67778	41293.01472	28031.30547	22966.504	18523.88091	21806.9572	24183.94206	30839.11557	41673.60526	43522.12054	50305.26461	310285.503
남동	30	서울	45753.29658	44649.4114	50509.71316	45923.84139	48086.91024	43482.52773	43261.84555	39727.87249	43417.77983	43203.00433	39185.12332	39193.36112	384294.6671
남동	45	서울	48877.61559	46236.02512	49791.08639	44277.91658	44573.28383	39981.23497	40823.85035	38021.09745	42668.61159	44034.29227	41488.16149	42349.14024	381832.027
남동	60	서울	49215.64352	45319.35987	46803.58044	40769.54709	39540.46765	35169.64535	36726.26841	34948.18953	40172.68195	42749.8083	41567.40517	43165.98719	362087.2502
남동	90	서울	41730.4003	36791.66192	35084.88976	29404.14119	26824.87106	23518.70601	25647.79156	25501.9238	30387.11704	34204.24276	35170.87876	37555.25934	278582.9414
남서	30	서울	46885.29131	44942.44062	52266.09515	44641.16421	48427.84578	43577.82603	41886.14336	40890.08038	42744.23566	44182.51235	38170.80443	40033.1756	386018.753
남서	45	서울	50434.3984	46531.56999	52141.7365	42585.71643	45008.37172	40112.32322	39077.78434	39520.72752	41782.52155	45457.29436	40187.18819	43544.14178	384327.2288
남서	60	서울	51124.99435	45648.46893	49529.42765	38941.90814	40040.83501	35274.27364	34854.92463	36483.57434	39144.8958	44380.33208	40004.0194	44609.36506	365060.0901
남서	90	서울	43933.06552	37001.49945	37691.46802	27760.2543	27200.55413	23526.68743	24113.36033	26793.98519	29300.78893	35811.71173	33429.25713	39173.76323	281587.3625
동	30	서울	29552.25423	32978.01385	40764.34817	41581.7703	45619.11991	42679.37464	41978.66306	36563.29478	37976.42989	33261.46454	28118.202	25309.13935	318685.308
동	45	서울	27272.57804	30949.24381	37559.89118	38888.69401	41752.04466	39335.66604	39341.74928	34387.73722	35990.06868	31443.12952	26940.4487	23929.63012	297780.353
동	60	서울	24552.63718	28414.44361	33913.90282	35282.1766	37169.90635	35180.37256	35619.10181	31457.93897	33201.69608	29076.11159	25245.36257	22226.89715	271137.6966
동	90	서울	19301.19846	22323.9122	25503.4403	26518.03253	27169.33898	25932.51549	26562.41994	24077.12084	25726.20374	22898.51311	20173.78252	17910.9404	207400.7449
서	30	서울	30892.02283	33282.57765	42999.88003	39848.88654	46049.18612	42713.93968	40074.77043	38162.25067	37135.26723	34431.17627	27057.27853	26294.93422	320654.5001
서	45	서울	28906.67977	31306.07099	40288.60384	36796.28296	42311.66827	39347.50008	36933.69235	36151.27319	34921.99354	32824.67931	25577.01691	25140.71721	299883.1326
서	60	서울	26699.22783	28785.2912	36712.31266	33075.66517	37761.82087	35145.49507	33017.36338	33269.72919	32010.31819	30621.50615	23581.88504	23474.39332	273327.2643
서	90	서울	20903.13379	22521.7242	28133.17813	24552.11614	27570.86151	25836.09837	24539.27291	25981.8918	24683.46236	24369.16952	18789.47841	19098.54395	209638.0929
북서	30	서울	15342.99384	21067.15152	32179.67361	34747.38493	42623.38035	40875.12233	38215.26251	34129.57571	30662.53315	23593.85823	16343.12082	12942.02834	250525.3207
북서	45	서울	10799.45113	16050.74912	25786.37464	29304.74475	36743.73977	35858.33523	33605.93965	30163.58001	25974.33161	18993.3701	12831.11199	9867.011675	209117.2838
북서	60	서울	9384.809724	13438.79136	21236.1779	24471.49852	30709.48128	30243.64367	28526.82424	26218.39955	22232.17421	16177.50222	11374.95086	9009.424361	177722.289
북서	90	서울	9488.41026	11520.70486	16308.12676	18147.95209	21621.29774	21364.28242	20789.60577	20230.19951	17273.59555	13429.40696	10298.19989	9021.550672	138543.5319
북동	30	서울	14630.80384	20894.94867	30651.87449	36026.19955	42327.20609	40898.22134	39645.83548	32892.3363	31249.55483	22840.41747	16883.56052	12564.73405	249574.4181
북동	45	서울	10348.22329	15889.37828	24108.26127	30816.33599	36335.17947	35900.98986	35541.19685	28784.34726	26652.84397	18174.58159	13317.45831	9589.007379	208676.0675
북동	60	서울	9075.126574	13271.90103	19649.23564	25957.45377	30278.11779	30353.25484	30624.38756	24834.92178	22895.20085	15411.16853	11746.92482	8833.55013	177602.4001
북동	90	서울	9425.596806	11450.79397	15195.69412	19284.29081	21429.14221	21508.61823	22116.33651	18828.50798	17661.92643	12957.05369	10514.27991	8960.42561	138383.7878
북	30	서울	7677.976728	14380.62816	26301.01768	33092.84158	41241.71904	40380.61125	38190.7157	31862.73854	27757.38874	17348.87338	10744.75838	7167.541739	216610.4077
북	45	서울	7474.127777	8965.933458	15478.44308	25834.8979	34204.58242	34780.13361	33247.53118	26360.41316	20225.30572	10429.3459	9385.886156	7649.274621	171311.7144
북	60	서울	8081.648175	9330.909616	11597.54799	17605.90924	25622.17024	27506.01265	26764.16219	19719.12939	14415.99674	10503.3118	9641.56104	8097.731455	138199.3583
북	90	서울	9233.36152	9869.335566	12108.924	14078.56658	15206.01751	15573.48296	16959.592	14823.82712	13336.53701	10822.8943	9731.144864	8764.79937	110002.4455
수평	0	인천	30620.86425	34333.81671	38989.61833	44821.63071	51539.46347	45117.90132	43862.43759	42609.26947	42024.10808	34970.08303	27367.20303	26113.9984	337707.5984
남	30	인천	52427.52511	49572.48381	48189.60005	49062.76615	51019.66293	43627.2424	43675.81716	45213.51853	49938.25927	46516.17342	42438.66577	46359.80793	414612.0675
남	45	인천	59086.34711	53224.40282	48943.42465	47306.54282	46806.83029	39656.40867	40267.72672	42993.14555	49884.61064	48600.86179	46620.69606	52761.09629	420421.7623
남	60	인천	62241.1573	53836.14147	47004.64398	43089.15482	40332.41224	33893.00804	34968.73599	38652.48024	47105.88198	47978.96567	48132.75026	56038.60692	403626.3093
남	90	인천	57432.206	45982.34608	35755.88624	28465.42358	22713.49961	19192.90357	20543.58206	24749.89655	34261.95207	38966.50577	42923.73119	52556.96897	308810.4217
남동	30	인천	45309.18664	44549.75419	43618.16571	47676.64033	51051.34662	43824.17232	44623.17224	45941.75705	48115.67787	42726.12058	38136.14765	39956.88798	390959.9521
남동	45	인천	49215.22376	46389.75716	42883.9827	45760.18238	47415.18111	40463.50853	42023.51904	44321.28593	47596.98937	43401.08333	40559.938	43760.18991	389615.1885
남동	60	인천	50297.15448	45705.32539	40260.15348	41994.24615	42089.60336	35740.17742	37655.05578	40741.5112	45048.17551	42007.27043	40835.83844	45172.00651	370396.9836
남동	90	인천	44044.28852	37624.34422	30307.87327	30055.28095	28324.09109	24054.19669	25767.63841	29203.18459	34188.2306	33339.92208	34914.3336	40271.68102	286052.6866
남서	30	인천	45299.79544	44278.56322	46408.12115	46984.10112	49678.25652	43439.15952	42217.90303	42355.27091	46103.46578	42520.42255	37029.6347	39782.03171	384062.5547
남서	45	인천	49022.82537	45884.00467	46658.46329	44765.21098	45636.78957	40006.34876	38881.59717	39611.94476	44860.88666	43177.52596	39146.01679	43512.85508	380392.0335
남서	60	인천	50041.20542	45073.32724	44657.03508	40768.95416	40159.00853	35216.5671	34281.55224	35475.287	41881.24858	41702.80579	39147.49963	44875.41157	359986.6253
남서	90	인천	43935.62859	36863.51237	34651.42343	28829.45264	26735.3293	23509.04005	23168.85161	24663.20877	31123.83315	32984.60433	33046.40655	39937.58338	276859.5799
동	30	인천	29816.73535	33117.46105	35697.2586	42885.89598	48871.3717	43135.96609	43762.84923	43331.78446	41460.89666	33796.80571	27400.36054	25927.1013	328106.486
동	45	인천	28880.56539	31540.62753	33099.07562	39938.25439	45018.20098	39943.08294	41140.76144	41177.65297	39410.01105	32013.89927	26552.3417	25340.83269	309725.9739
동	60	인천	27298.98748	29364.17473	30133.63824	36114.99719	40228.01386	35814.33133	37224.25637	37757.47285	36424.88031	29597.98812	25200.78862	24288.25325	284429.6096
동	90	인천	23034.9506	23635.44213	23181.75569	26833.34905	29383.74575	26344.66033	27663.12251	28282.40923	28189.13764	23237.54873	20599.72777	20610.83292	219792.5748
서	30	인천	29565.52963	32733.12755	39250.20428	41859.15343	46927.34201	42450.62925	40274.0087	38470.76139	38807.29952	33499.37467	26269.88096	25695.00045	318294.8477
서	45	인천	28615.96069	31024.50257	37482.75386	38456.90813	42547.20717	39040.40687	36681.42816	34859.98681	36015.76702	31615.66679	25108.77853	25043.44001	296869.9593
서	60	인천	27355.34946	28797.44362	34748.40337	34473.63767	37556.92882	34795.08306	32505.87141	30900.25374	32771.96213	29223.26385	23487.31181	23969.35743	270629.0528
서	90	인천	22939.6783	22970.2239	27296.09787	25788.99518	27181.84803	25354.15677	23780.30774	23044.47713	25225.57865	22885.04492	19153.03062	20360.56674	208822.746
북서	30	인천	14361.75618	20721.10262	30086.24575	35943.63806	43526.40716	40738.97185	38401.67403	34891.89885	30969.73023	23779.92746	15797.94444	12158.43475	249530.3059
북서	45	인천	10572.65236	16081.70569	25063.85778	29889.33675	36811.32119	35774.68469	33128.86754	29275.4049	25260.81555	19178.59913	12642.38018	9362.398514	206939.77
북서	60	인천	9356.053575	13633.00597	21268.85547	24709.40969	30227.20441	30187.73676	27651.44881	24307.88911	21108.00481	16236.59752	11282.37643	8550.963435	174382.0651
북서	90	인천	9390.753845	11648.21873	16466.57508	18365.29507	21088.01917	21284.45575	19797.30091	18261.5058	16497.72777	13193.54605	10243.91845	8763.181947	135208.3057
북동	30	인천	14423.1591	20975.17239	27660.60451	36639.63822	45030.06532	41373.84594	41069.42175	38521.25205	32837.11117	23948.56142	16375.93494	12284.33412	256683.842
북동	45	인천	10634.3348	16356.92855	22455.97073	30905.381	38803.90761	36612.82998	36784.07314	34049.02201	27520.01708	19347.18364	13123.98995	9429.805043	216467.8499
북동	60	인천	9336.598464	13867.59625	18895.38783	25703.31893	32344.84256	31176.00433	31561.18927	29144.88926	23237.66299	16403.16001	11658.66994	8606.330954	184239.0415
북동	90	인천	9417.538225	11828.14753	14991.56672	18616.40619	22613.211	22140.08269	22689.64343	21129.08459	17624.43564	13336.74398	10421.93013	8778.796844	141526.2696
북	30	인천	6522.286037	14043.07318	24507.38905	33573.99641	42968.01024	40569.96254	38972.08747	34977.50708	27883.66923	18519.5376	10184.16439	6137.141748	218646.7815
북	45	인천	6412.904857	9126.414765	15597.32261	25347.18376	35267.83493	35141.28627	33476.08458	28462.9829	18688.3922	11227.10719	9045.81979	6668.320268	171665.0244
북	60	인천	7091.656621	9451.409864	11987.58099	16317.49975	25942.188	28056.72665	26401.21391	20702.92352	12305.97473	10890.61798	9322.48178	7224.490375	135892.3386
북	90	인천	8521.163947	9911.775348	12066.99243	12977.64089	14682.04629	16266.40194	15983.06458	14513.95811	12207.36203	10827.73137	9481.192643	8242.629988	106451.3477
수평	0	원주	29332.18277	35061.92124	43405.25608	42942.36432	50091.82488	45682.49469	39918.44323	39109.58939	40357.84594	35567.83788	26879.97241	26329.63371	332016.2861
남	30	원주	49389.56808	51165.69768	54433.68384	46912.64743	50363.13854	44199.4831	40582.47565	41965.69555	47610.40739	48021.90142	41460.98413	45847.2106	410084.6179
남	45	원주	55440.45847	55074.18325	55509.93696	45202.0645	46513.87242	40081.63922	37869.14302	40182.19378	47475.66933	50415.40123	45472.56614	51924.05183	416701.0103
남	60	원주	58224.83442	55798.98767	53461.27467	41155.23446	40346.61042	34066.74298	33355.01102	36393.20122	44785.29487	49975.06044	46880.75999	54933.8282	400713.5293
남	90	원주	53470.5793	47720.30489	40750.53204	27179.6594	23137.82077	18638.70873	20524.69689	23887.41026	32609.82061	40903.96757	41687.07542	51154.73465	307400.3627
남동	30	원주	42304.74754	45602.07096	50705.75632	45430.06797	49345.81575	43866.05128	40598.63969	41127.07997	45608.61997	43744.71429	36088.50307	38801.84024	381891.3999
남동	45	원주	45541.8399	47464.8255	50480.22164	43536.55423	45754.80315	40118.72434	38195.11189	39281.8687	44922.32003	44541.34815	37917.65541	41971.45179	379263.3297
남동	60	원주	46253.18986	46827.65194	47901.668	39934.90014	40491.07935	34991.4247	34286.13888	35900.19758	42244.06513	43106.35751	37729.97445	42884.2274	359368.6513
남동	90	원주	39979.25405	38545.61918	36442.15681	28643.10463	27175.55458	22914.16412	23907.08892	25722.31291	31747.07836	34297.41681	31756.64481	37544.77353	276197.5771
남서	30	원주	43547.33794	45949.80706	50106.5343	45233.18995	49721.03641	44162.97554	39907.47182	40801.54007	44554.72461	43821.63465	37509.86166	40411.38733	383717.8168
남서	45	원주	47186.55847	47810.59877	49693.23458	43208.65824	46153.84932	40534.92146	37374.11153	38898.28396	43528.61186	44694.36149	40040.35599	44285.85882	381958.7327
남서	60	원주	48251.53285	47206.32235	47064.37917	39557.24375	40958.21808	35473.48898	33470.69925	35491.03572	40702.95718	43226.65223	40339.11077	45639.8113	362907.1976
남서	90	원주	42285.4309	38819.47633	35621.09905	28257.51873	27567.37689	23284.15056	23190.59437	25302.34947	30366.46662	34282.28965	34525.1717	40523.17469	280125.2719
동	30	원주	27961.7635	33506.04975	41337.16038	40946.54364	46683.52999	42692.26293	39449.84421	38142.40488	39463.69312	34097.7798	25566.72025	24857.07239	317439.8928
동	45	원주	26812.30521	31878.80759	38649.73221	38089.97945	42638.92442	38896.22247	36888.82236	35667.91171	37232.28061	32220.86102	24483.21869	23667.00414	297277.681
동	60	원주	25207.38183	29792.89497	35304.17319	34475.15401	37804.42446	34335.20914	33301.9911	32376.53079	34200.53082	29710.72414	22965.41849	22242.67573	271389.0089
동	90	원주	20942.87738	24025.90154	26973.54879	25794.96672	27483.06988	24664.28441	24963.44163	24380.58204	26534.65	23260.50978	18551.44055	18226.34281	208613.4488
서	30	원주	29247.40594	33898.28179	40619.2785	40642.40461	47135.2216	43156.00881	38468.35898	37736.28066	38115.62106	34032.50559	27376.90539	26585.38194	319114.5004
서	45	원주	28401.80946	32376.07264	37756.47792	37739.26927	43231.17799	39529.6722	35710.51708	35183.32306	35621.77267	32022.05616	26582.57217	25844.74212	299361.1642
서	60	원주	27168.10007	30269.08255	34236.13494	34075.42904	38481.6886	35008.68828	32069.01061	31824.05926	32482.75941	29554.64924	25097.80046	24496.47464	273604.9984
서	90	원주	22637.73504	24295.50113	25995.51175	25475.49723	28036.68875	25211.7833	23801.72009	23877.04538	24740.36589	23336.06344	20709.09562	20499.82867	210674.3683
북서	30	원주	15008.25213	21180.88334	30215.66328	35082.80745	43506.50166	41237.52877	36662.60133	33989.67361	30903.24762	23612.06648	16480.29833	12772.55026	248951.2265
북서	45	원주	11475.81312	16383.33666	23895.79001	29594.84761	37300.33432	36034.87866	32529.08124	29553.68365	25681.46784	18803.38389	13291.14324	9771.600923	207840.5724
북서	60	원주	10206.31754	13861.86686	19507.59495	24690.53149	30942.00719	30118.02181	27800.73058	25150.40369	21591.7992	15915.57932	11795.38754	8950.160052	175839.8656
북서	90	원주	9877.20811	12009.65777	15120.49433	18346.19557	21660.77638	20765.84104	20169.18401	18717.28847	16507.83522	13019.071	10447.49657	9021.438603	135682.5782
북동	30	원주	14436.14656	20927.37668	30743.55348	35259.66369	43133.24727	40871.88951	37450.50161	34314.68512	31922.22736	23675.55679	15651.52539	12166.68374	248895.7761
북동	45	원주	11034.58752	16179.40181	24480.86617	29819.89031	36807.61301	35530.50584	33576.98352	29926.83295	26830.03844	18850.14458	12547.64948	9274.838408	208256.967
북동	60	원주	9852.251339	13701.78306	20103.17652	24924.66053	30383.35025	29556.5502	28898.7237	25529.42713	22816.51691	15820.96573	11178.33163	8510.292813	176399.4124
북동	90	원주	9782.571419	11903.00786	15682.5898	18412.40776	21269.66338	20361.54712	21095.61181	19009.43341	17664.72442	12897.09482	10168.33689	8782.142526	136694.0887
북	30	원주	7624.65545	13863.91093	25265.10637	32670.08847	41993.99861	40475.11517	36397.36298	32562.63165	27852.31163	18006.45074	10354.33138	6595.647128	214813.5923
북	45	원주	7584.479308	8521.578698	14542.14181	25011.2378	34575.93875	34657.00028	31846.1988	26822.3814	19520.11162	10630.83505	9083.552686	7127.63614	168330.7014
북	60	원주	8180.939243	9046.758588	10853.78344	16504.4571	25537.52737	27177.85624	25807.31699	19924.00728	13392.07867	10561.36949	9331.586769	7658.447664	134633.1297
북	90	원주	9202.622114	9925.03408	11575.18482	12937.10045	14785.12778	15053.02221	16400.2226	14484.34636	12852.5604	10736.28867	9402.662852	8540.658991	106625.2638
수평	0	청주	26907.59508	31672.97264	41449.89572	43220.67024	50582.4963	47992.87216	40999.64055	42499.26583	41053.02394	37867.06663	30898.04727	27126.7266	337732.6783
남	30	청주	43001.70061	44320.69135	51046.00617	46972.70559	50592.65187	46524.00844	40903.60674	45196.90692	47550.72628	50473.97012	47637.42901	45618.07857	408800.3037
남	45	청주	47642.00861	47146.57209	51728.49106	45159.48922	46642.37627	42268.7921	37816.53554	43056.26667	47049.5426	52734.35718	52195.79251	51229.85413	412239.818
남	60	청주	49534.27296	47327.99787	49541.13168	41009.37499	40380.61701	36023.0153	32959.188	38762.49494	44040.11962	52030.13372	53737.61029	53849.84407	393558.6168
남	90	청주	44754.91463	39889.08685	37340.23008	26882.55754	22987.01131	19973.80222	19714.54033	25035.42499	31443.72732	42118.58466	47564.05248	49616.32818	297153.5203
남동	30	청주	37972.27802	39522.36453	46764.13302	45568.0209	50001.80769	46982.02072	40442.77789	44776.57936	44740.26205	45322.51971	41581.56018	38982.09652	381717.842
남동	45	청주	40641.2791	40563.91042	46028.05432	43582.05879	46374.88685	43305.625	37640.1415	42756.47156	43241.49811	45676.76906	43679.6674	41862.93196	376330.8368
남동	60	청주	41080.13421	39513.42489	43272.93651	39870.57692	41020.61455	38028.16915	33538.54747	38996.93658	39878.11717	43832.11862	43424.66826	42520.5618	354108.9404
남동	90	청주	35293.72812	31824.8287	32428.27516	28399.14876	27355.83377	25076.60322	23224.58663	27798.99202	28652.95607	34236.97991	36262.81359	36819.37946	268193.5651
남서	30	청주	37692.62966	40899.16121	48383.49393	45246.01296	49716.18154	45674.91128	41026.74728	43339.09858	45503.60609	46902.10466	42608.54566	40177.78351	384973.1522
남서	45	청주	40144.79593	42420.9243	48158.71458	43096.54957	45887.92379	41648.26378	38435.32739	40985.10367	44279.89245	47873.95939	45221.44515	43583.76981	380935.8682
남서	60	청주	40474.15919	41747.4617	45737.78992	39302.41458	40465.00926	36248.44611	34383.84765	37153.01108	41009.59602	46360.43912	45310.28197	44576.44276	359729.3461
남서	90	청주	34732.13868	34196.81766	34942.29176	27893.63421	26953.30193	23788.22626	23821.43237	26168.5257	29743.1564	36754.0247	38287.03635	39055.90719	274659.0908
동	30	청주	26615.61782	29973.24081	38386.67881	41196.50485	47554.74359	46131.71208	39211.15367	41831.671	38540.1821	35261.17714	28917.77054	25523.77383	320850.3629
동	45	청주	25648.77323	28222.52823	35542.41307	38261.89299	43526.27442	42488.2619	36364.93013	39191.77815	35341.40621	32903.6203	27269.2293	24168.06896	298770.6266
동	60	청주	24112.05458	26129.74492	32215.48991	34509.85908	38584.35496	37762.79795	32731.17315	35619.02191	31523.46341	29992.90302	25249.69184	22611.68784	271076.9873
동	90	청주	19878.08459	20799.67124	24552.6812	25701.32497	27824.83989	27149.95029	24481.10429	26758.67316	23069.00517	23030.92578	20031.73744	18301.31257	205694.5823
서	30	청주	26144.67054	31817.30624	40409.9014	40713.59512	47079.67181	44308.14835	40018.13093	39931.44224	39587.89387	37088.78419	30298.24173	26895.38045	324545.481
서	45	청주	25164.85838	30596.53167	38151.54588	37639.1737	42872.01849	40171.97214	37358.87045	36891.26397	36659.46757	35115.77	28943.15955	25936.80034	303488.1847
서	60	청주	23802.32537	28592.03748	35072.71857	33892.81533	37919.35508	35297.32373	33776.08744	33075.34775	32977.69563	32477.79325	26900.66247	24359.89056	276182.9045
서	90	청주	19409.34864	22664.6312	27064.15293	25170.50464	27419.48034	25212.65972	25263.21612	24436.79788	24318.53701	25489.20282	21676.43984	19985.39276	210409.1819
북서	30	청주	15003.39067	21667.16087	30888.0312	35304.87962	43669.96551	42715.43345	38018.70846	36162.91117	32856.2157	26066.014	17520.0784	13597.6353	258340.4416
북서	45	청주	11861.4584	17614.16662	25314.19816	29718.12081	37285.1861	37053.72264	33927.89785	31096.48077	27279.40034	20833.64011	13339.57294	10310.04454	216106.014
북서	60	청주	10635.62936	15144.55153	21147.37676	24724.44433	30740.66194	30754.13522	29156.62543	26134.11302	22617.49033	17524.45347	11469.10174	9135.482996	182152.9734
북서	90	청주	9883.599383	12650.48881	16200.63398	18152.94914	21361.89007	21135.07713	21136.49329	19165.08605	16810.74503	14207.57189	10336.24944	8867.23104	138786.2877
북동	30	청주	15231.88534	20487.5132	29461.54136	35618.38919	43970.2751	44087.49366	37448.89962	37667.11229	32086.27133	24910.03767	16779.03718	13069.05153	256447.416
북동	45	청주	12146.36175	16513.27952	23559.03055	30134.55328	37745.95463	38923.24671	33154.88569	32939.04	26325.11092	19647.7836	12669.11672	9923.329055	214716.9744
북동	60	청주	10838.82797	14386.21537	19494.29002	25100.30277	31208.44364	32788.70767	28384.51678	28114.16712	21716.65467	16339.38137	10949.57868	8920.217545	181482.3965
북동	90	청주	9983.291957	12385.02609	15162.8932	18398.12789	21532.62321	22586.44276	20627.26588	20818.24726	16133.84049	13248.08795	10034.58937	8712.384794	138575.9848
북	30	청주	9178.482593	15625.63557	25592.41037	33013.09477	42521.29495	42838.6283	37114.89171	35308.5953	29553.77898	19801.79874	10409.5396	7224.405061	225383.2149
북	45	청주	8654.50368	10772.81453	15888.95016	25366.87319	35095.59414	36900.17912	32317.03622	29028.67652	21587.89262	11609.75539	8403.85541	7503.138958	177898.323
북	60	청주	8983.080734	10999.31039	11573.96555	16787.3841	26032.53569	29211.48728	26009.76581	21491.37222	14599.69247	11136.08517	8749.423226	7839.747923	141443.6028
북	90	청주	9287.221833	10907.51535	11879.40811	12923.0634	14915.65439	16336.93313	15979.41859	15147.11337	13446.78002	11334.44715	9253.838798	8392.215662	109421.4898
수평	0	대전	31639.01319	37524.20177	44376.22747	47048.47325	50102.08782	45898.0172	41447.73778	39940.30438	42554.89594	37217.15232	30568.26253	27888.15103	347608.7523
남	30	대전	52748.07777	54489.66544	54584.18929	51186.57667	49876.31786	44322.27088	41705.74535	42181.28351	49646.41167	49751.15176	47281.13313	47819.13133	427138.6849
남	45	대전	59026.8825	58540.03281	55258.13542	49142.13836	45907.35315	40219.13208	38722.8834	40092.65953	49201.53954	52041.2368	51846.58259	53926.97605	433095.9031
남	60	대전	61815.10961	59196.63312	52848.91682	44492.31785	39671.81328	34246.99463	33914.27326	36016.72831	46079.80312	51409.12222	53408.71497	56845.06765	415499.8226
남	90	대전	56410.60484	50383.87661	39638.82186	28717.82457	22519.17989	19076.07586	20489.79289	23113.11661	32786.20907	41746.81187	47309.12746	52547.46765	316748.7676
남동	30	대전	45124.51261	48488.24638	50112.09863	48841.4155	49984.18311	44342.6895	41169.33355	40912.3424	47499.08288	45567.12056	41318.75938	41633.45939	397615.773
남동	45	대전	48440.58846	50315.2518	49361.48726	46359.00564	46546.6474	40779.45921	38291.56501	38703.49984	46467.19602	46337.41183	43466.00522	45190.26629	394079.8196
남동	60	대전	49062.04186	49430.22351	46469.057	42184.70187	41380.9302	35819.56919	33970.0672	35093.4401	43479.67273	44834.66144	43273.48894	46269.27105	372869.5866
남동	90	대전	42186.96254	40297.35185	35030.93441	29931.2488	28025.16494	23926.00143	23307.22177	25173.63201	32263.89843	35631.21213	36292.53491	40596.28357	286301.5227
남서	30	대전	46532.54213	49004.57234	51526.25077	50025.57728	48649.90968	44503.34063	41549.86794	41907.657	46630.75146	45354.71702	42337.16426	41030.06378	400562.743
남서	45	대전	50244.89357	50926.07674	51283.34741	47990.46568	44759.68102	41072.00087	38921.86473	40182.94271	45294.591	46119.91819	45011.66025	44378.98893	398391.178
남서	60	대전	51202.31819	50174.27084	48699.11561	44046.70491	39408.85981	36248.94434	34797.16453	36903.66762	42115.87807	44576.13541	45175.96368	45267.06877	378215.725
남서	90	대전	44712.47598	41179.42502	37200.30332	31538.19314	26403.06564	24224.33701	23860.98294	26707.69587	30909.39628	35321.43439	38320.48893	39368.25889	291446.3302
동	30	대전	29936.28374	35504.54542	41046.27276	43554.3884	48002.34253	43622.39358	39740.93174	37986.96138	41081.42529	35792.31572	28978.31938	27255.88653	330331.5335
동	45	대전	28570.98401	33490.78899	38152.70075	40111.04678	44348.50489	40206.09292	36640.91616	35310.04873	38563.12816	33844.82171	27525.74584	26086.44663	308676.2307
동	60	대전	26716.55157	31074.805	34762.40573	36134.59973	39720.77651	35877.99326	32743.64033	32136.83042	35203.06522	31245.56215	25670.64546	24623.20374	281690.4416
동	90	대전	22231.02083	25034.81308	26738.32971	27146.37667	29244.09768	26411.52857	24230.44898	24651.03608	26689.75724	24696.36959	20644.30796	20231.60524	217450.6567
서	30	대전	31362.84252	36264.31984	42876.70915	45167.73589	46050.57041	43794.98085	40267.59515	39504.83388	39991.76517	35568.65097	30303.28403	26522.18603	334077.3352
서	45	대전	30491.22154	34552.5271	40449.65015	42177.86559	41843.03311	40526.08867	37440.5769	37403.92434	37174.52975	33617.98121	29136.06677	25284.40346	313928.6831
서	60	대전	29144.83609	32147.40229	37189.96265	38275.80893	37036.40218	36306.30868	33602.94834	34320.88832	33704.28301	31091.18279	27313.14535	23650.69513	287406.1926
서	90	대전	24168.69589	25561.39078	28895.5328	28798.86692	26990.01503	26433.39681	24605.69707	26167.56363	25535.23659	24346.82209	22283.63629	19377.7527	221240.8199
북서	30	대전	16039.4256	22607.69913	32386.35251	38529.37284	42931.10182	42046.58502	38199.61661	35608.87273	32457.6527	24955.03717	17690.38971	12864.9971	260334.7942
북서	45	대전	11910.61597	17198.42864	26294.17576	32484.62431	36594.6809	37178.39102	33965.77191	31512.03853	26719.51979	19921.00389	13681.59303	9471.986126	217038.1995
북서	60	대전	10377.69641	14209.32229	21861.06101	26983.41888	30220.56347	31548.73752	29006.27478	27189.39919	22208.71926	16677.15492	11885.35547	8418.938333	183190.3606
북서	90	대전	10051.9451	12240.3353	16717.88438	19693.50969	21196.76531	22092.19366	20533.63032	20142.79842	16973.34978	13575.70147	10781.61319	8669.618202	140795.7124
북동	30	대전	15285.40853	22123.44988	31094.54002	37334.01016	44454.39843	42013.33016	37905.47334	34555.83238	33222.23993	24970.26886	17031.91827	13184.11838	258058.867
북동	45	대전	11348.10815	16858.28614	24780.47014	31007.49384	38582.94626	37085.22956	33516.01214	29984.08522	27618.06494	19876.70953	13147.65853	9741.764391	214572.4413
북동	60	대전	9953.374253	14153.80727	20425.68754	25642.63142	32320.78815	31393.71672	28503.21312	25733.1213	22976.30716	16798.43575	11458.33061	8617.822016	181280.6853
북동	90	대전	9839.024264	12377.71515	15836.50741	18963.47991	22762.42027	22359.60288	20556.71054	19532.16845	17251.58639	13760.25854	10491.20685	8648.384749	140581.2481
북	30	대전	7654.415434	14783.01389	26536.91404	35055.55276	42473.58515	41587.82544	37362.47276	33550.08286	29176.66724	19052.06236	10632.74191	6325.612675	222458.8203
북	45	대전	7053.41742	8469.290605	15759.21812	26263.38466	35265.45975	36121.27189	32483.58686	27795.69124	20239.44637	10943.75127	8594.993801	6699.545821	172553.6118
북	60	대전	7719.89785	9072.351424	10931.01608	16441.69014	26400.92834	28895.36713	26115.80802	20821.36165	12669.16373	10618.96689	9019.762625	7235.471632	136078.8555
북	90	대전	9028.457082	10178.68558	11583.05504	12586.98483	15116.44718	16460.81179	16192.09414	14481.91596	12316.62844	10905.15706	9591.907636	8249.458407	107182.7354
수평	0	대구	32759.89472	36680.53344	47825.64496	46401.2461	50385.57572	46902.82702	42879.86954	38336.24455	40762.40692	35553.5346	30786.23124	30500.68305	350354.9073
남	30	대구	54525.57478	52912.60216	58808.71616	50148.82919	49805.85482	44969.1449	42667.88918	40912.58942	47073.95371	47257.39245	47050.9089	52776.65341	429797.5857
남	45	대구	60972.74439	56743.1393	59473.27543	48035.76498	45629.7913	40672.42105	39378.57429	39098.4806	46506.2254	49360.79291	51414.47471	59643.50109	435550.7147
남	60	대구	63804.84202	57300.18756	56784.31551	43401.87123	39220.52776	34487.56613	34217.17762	35332.65442	43455.71617	48714.85188	52808.32683	62969.1596	417632.6173
남	90	대구	58111.32428	48667.63966	42294.87953	27898.45515	21944.53845	19008.74707	20301.42319	23117.57624	30873.6446	39535.38781	46515.78953	58347.1278	318355.5115
남동	30	대구	47330.87497	47987.44274	55044.89914	48794.20074	48774.05887	45459.45375	42456.51175	39889.18888	45029.59404	42551.23819	41517.22119	46183.04809	402162.8857
남동	45	대구	50885.90372	49964.90112	54527.01668	46688.69398	44912.21736	41890.48206	39474.63049	37966.70879	43952.8472	42955.56427	43656.57227	50318.73501	399286.5399
남동	60	대구	51692.15671	49347.45605	51650.65406	42770.85423	39507.76953	36849.42756	35176.73258	34600.73804	40948.99019	41199.92909	43359.41544	51644.5822	378461.7317
남동	90	대구	44623.5483	40625.35067	39073.04217	30629.68033	26367.22521	24502.13776	24266.20596	24844.11709	30183.52804	32329.33068	36302.47129	45643.45913	291302.379
남서	30	대구	47409.04721	46979.41378	54302.96636	48281.34841	49620.78755	44718.34186	42489.16811	40360.44681	44562.44868	44107.30308	41896.0514	44816.59279	401171.1592
남서	45	대구	50918.18336	48482.16665	53469.54685	45939.08783	45930.97653	40891.4361	39650.93911	38662.29282	43317.40573	45158.8446	44265.01259	48515.35939	397953.1045
남서	60	대구	51737.39016	47592.30959	50417.97733	41865.84809	40560.2447	35704.20476	35403.01381	35452.03016	40213.87015	43841.83911	44152.02253	49494.40538	376914.6469
남서	90	대구	44741.33363	38742.30362	37868.09877	29801.42441	27220.43157	23723.85969	24353.59143	25559.18046	29586.52124	35011.779	37051.45168	43061.51055	289487.4216
동	30	대구	31592.51865	35782.9032	45473.19655	44151.82692	46473.7228	44943.24577	41309.38051	37252.78918	39344.27762	33410.80987	29468.4696	30129.85771	335377.5941
동	45	대구	30296.82546	34246.50423	42598.38787	41160.49303	42321.51252	41573.90461	38341.72487	34792.83425	36820.06269	31336.90789	28015.33051	29109.58765	314369.4489
동	60	대구	28630.77604	32210.12642	38932.32038	37367.52509	37490.96024	37206.04632	34555.51863	31597.68068	33503.13069	28753.66597	26021.738	27838.43913	287678.8065
동	90	대구	23783.43347	26121.86501	29833.005	28307.71862	27249.86276	27088.60818	25704.09744	24091.85992	25539.5097	22635.18313	20714.81501	23246.68545	222091.193
서	30	대구	31615.64833	34647.30497	44495.56065	43346.31244	47514.85336	43890.47076	41389.25767	37904.54173	38815.65469	35392.49267	29889.31554	28761.1167	334263.7139
서	45	대구	30452.84858	32880.16298	41400.29521	40162.53025	43631.47229	40181.70566	38511.6429	35746.86126	36235.86826	33787.094	28451.69423	27447.31013	313245.6425
서	60	대구	28890.67106	30634.5217	37653.60882	36274.752	38915.91873	35652.12149	34656.68974	32634.86991	32909.73405	31423.80643	26410.48578	25686.55793	286101.725
서	90	대구	23839.87011	24500.66831	28881.44319	27269.64146	28363.12947	25998.62069	25705.76622	24624.24595	24820.16319	24808.1485	21418.15117	21316.03042	220197.9278
북서	30	대구	16099.00946	21959.12878	33460.36676	37226.00355	44180.63294	42447.28516	39494.99098	34457.33235	32157.25542	25332.03819	17651.38035	13644.61357	261745.2444
북서	45	대구	11786.66396	16937.65975	26525.69757	31148.29563	38131.62195	37252.65166	35107.23016	30520.32368	26963.34838	20661.30339	13647.85343	9882.948863	218297.0021
북서	60	대구	10182.53944	14178.25829	21672.16392	25824.39483	31762.49418	31354.60575	30049.06164	26307.44988	22597.59792	17498.4525	11843.97709	8693.843567	184242.1118
북서	90	대구	10021.79315	12225.25459	16684.40179	18976.817	22083.62267	21992.07326	21594.18983	19533.03835	17024.55211	14075.39052	10656.60602	9141.95211	141815.3909
북동	30	대구	16028.68613	22590.10797	34106.70733	37825.48457	43400.67994	43225.30932	39493.29522	34032.80497	32551.39799	24017.35508	17511.28846	14255.52062	262351.5351
북동	45	대구	11745.4544	17587.45823	27188.77407	31919.46447	37071.10646	38326.26925	35054.69999	29883.65811	27326.38929	19387.5793	13375.38909	10377.80583	218708.5348
북동	60	대구	10233.37423	14829.18407	22177.1296	26637.72455	30648.5168	32545.46964	30038.93258	25678.89763	22952.20706	16571.40556	11489.31078	9145.888947	184878.6485
북동	90	대구	10058.95147	12634.9259	16825.17	19616.62387	21362.43214	22755.27029	21679.2153	19495.19418	17444.85489	13684.80174	10410.91888	9293.149988	142679.3837
북	30	대구	7711.698127	14879.37105	28105.77547	34701.89692	42627.7832	42421.5495	38887.41895	32868.96511	29179.71468	19385.11193	10995.04708	6228.026205	225259.8428
북	45	대구	6786.621652	8604.947215	16218.19265	26119.49591	35359.67849	36837.23827	33886.1188	27641.0945	21193.29168	11967.1955	8692.01711	6558.350534	175611.2311
북	60	대구	7556.467098	9141.763127	10503.4798	16502.86195	26443.83213	29482.36227	27291.94973	21189.54053	13939.87533	11559.96316	9066.27173	7242.347598	138987.0117
북	90	대구	9120.780666	10125.03531	11584.12247	12456.89495	14773.34293	16548.96731	16520.95296	15074.19063	12983.38887	11547.45269	9543.722891	8658.410134	108843.5289
수평	0	전주	29054.7944	34347.16529	41381.1023	44273.831	49073.11698	41824.84807	42228.69404	44937.93244	38399.79727	35389.47256	28986.74758	24049.61876	331580.0165
남	30	전주	46204.95007	48184.21917	50251.14183	47491.04556	48626.94826	40858.22524	41885.37378	46809.00723	44781.14698	46091.29968	43358.04324	38216.57071	396106.9441
남	45	전주	51085.40213	51231.90894	50687.14835	45424.10527	44647.3018	37341.70719	38615.2327	44129.05838	44460.36034	47818.54352	47122.87164	42326.11009	397524.8998
남	60	전주	52999.48147	51360.52183	48355.49201	41039.43473	38464.51009	32063.76267	33558.08673	39219.55766	41771.65493	46915.99774	48210.06743	44031.35968	377772.51
남	90	전주	47617.7994	43024.98553	36205.80137	26549.20217	21711.17435	18501.25109	19971.45975	24329.28355	30129.65799	37642.58955	42242.7242	39935.91766	282653.2669
남동	30	전주	40248.43176	43656.98667	47433.0919	46154.94832	48133.49783	40307.58412	41249.88989	44717.88746	42147.01305	42918.95452	38128.38523	33274.54653	371083.1723
남동	45	전주	42777.10985	45067.86456	46985.02029	43931.08686	44507.25654	37092.51496	38230.10038	41739.89878	41031.70509	43465.10841	39752.10265	35346.91774	364817.1904
남동	60	전주	42950.45487	44103.0207	44337.60035	40044.41236	39362.90832	32683.71432	33941.7209	37310.89108	38285.415	41896.82179	39283.92279	35589.34261	342741.3708
남동	90	전주	36365.33943	35785.96764	33454.60313	28565.19199	26575.79319	22260.65434	23777.61219	25944.02089	28480.12294	33031.64667	32464.98685	30418.69538	260441.6356
남서	30	전주	40991.22177	43394.22707	46482.82035	46825.49042	48050.67558	41419.2888	42470.01054	47136.72835	43341.67499	41788.23204	39209.86683	34132.93078	376117.4206
남서	45	전주	43722.09456	44596.53145	45649.05176	44874.83332	44376.35371	38495.17359	40058.23146	44989.21604	42668.51617	41985.50691	41416.2603	36574.31877	371768.2644
남서	60	전주	44069.27984	43494.05175	42818.41241	41251.3495	39220.29777	34244.11883	36111.62264	40966.33878	40193.79536	40182.79476	41384.98854	37067.74839	350966.2163
남서	90	전주	37693.21582	35043.98743	31959.48007	29952.84891	26363.61966	23377.84778	25281.86595	28884.35624	30369.54336	31294.90708	34894.88944	32034.53165	267790.9633
동	30	전주	27783.38804	33170.50272	39828.02	41882.84684	46093.96751	39469.73313	40029.24902	41224.01916	36448.09824	34489.3568	27338.05458	23158.17037	314729.4566
동	45	전주	26430.86881	31519.1459	37342.23244	38857.21207	42277.12791	36328.74064	37032.57302	37643.65493	34095.15172	32655.85423	25871.51385	22107.69491	293695.3159
동	60	전주	24545.0546	29304.36868	34052.13324	35153.12587	37712.8509	32461.0325	33479.9058	33634.981	31143.62548	30136.55516	24057.2626	20781.70472	267590.6992
동	90	전주	19846.60539	23328.2695	25849.17358	26568.04446	27635.64091	23987.55607	25519.47127	24978.18665	23991.56001	23563.16134	19282.49627	16795.89485	205389.9217
서	30	전주	28471.3892	32872.76714	38541.02793	42935.4986	45942.89516	40987.54739	41789.6628	44693.0535	38118.38491	33143.44167	29099.36775	24198.3762	321956.0803
서	45	전주	27334.90651	31141.19282	35722.44756	40402.7339	42096.48373	38269.28288	39466.3908	42076.81231	36288.96604	31048.68667	28087.11398	23414.56159	303344.7664
서	60	전주	25778.86759	28840.45419	32289.96314	37081.57204	37477.93093	34547.75185	36032.80181	38284.05966	33582.15382	28433.47438	26211.01379	22108.18796	277986.5115
서	90	전주	20843.64331	22835.68491	24483.51489	28556.50496	27394.45202	25567.39199	27169.37396	28737.45864	26124.94305	21875.938	20922.37849	18009.83349	213563.433
북서	30	전주	16073.1564	21813.88277	29963.14507	37230.58203	42893.2427	39477.87236	39625.00888	40284.92958	31293.98002	24176.5109	18235.82658	14273.834	259774.1088
북서	45	전주	12425.28469	17171.98167	24219.9396	32020.35034	36988.66718	35446.49767	35703.64163	35406.18039	26798.17642	19448.79188	14442.64335	11665.91286	220647.7556
북서	60	전주	10928.00394	14539.01425	20038.10513	27251.09131	30849.12229	30522.51034	31037.06197	30178.39177	22965.25616	16310.67649	12508.92719	10484.44477	188379.0227
북서	90	전주	10005.28159	12268.69016	15362.29085	20478.99204	21621.77313	21787.99723	22536.88119	21938.76539	17703.16213	13004.48744	10795.93717	9487.198895	143979.9124
북동	30	전주	15745.16715	21986.95128	30859.55063	36380.94529	43033.26115	38332.3582	38439.05956	37681.17512	30079.79915	24943.15537	17142.13384	13810.0902	254725.1272
북동	45	전주	12136.51197	17312.64086	25197.76269	30804.99023	37128.30556	33920.6451	34007.65829	31998.46545	25247.76241	20269.93291	13691.15741	11318.36704	214282.9853
북동	60	전주	10671.19976	14591.57193	20867.1559	25813.25251	30992.08469	28862.79925	29216.917	26675.45272	21448.13113	17144.781	12189.80922	10295.70252	181913.9011
북동	90	전주	9919.356656	12223.32977	15798.50083	19077.86036	21750.6922	20670.9653	21707.82018	19562.68731	16579.47814	13653.84198	10906.69608	9386.266681	139786.9769
북	30	전주	9430.391077	15694.57188	26035.40934	33988.20063	41862.09479	38532.87426	38441.92788	37385.40722	27398.73356	19555.33346	11905.6873	9214.525272	226413.3755
북	45	전주	8537.155843	9471.959833	16592.00973	26237.17918	34932.80212	33888.00135	33578.89231	30686.00339	19850.91908	12028.36276	9788.410863	9273.980438	179343.7343
북	60	전주	8902.348664	9824.311716	12099.95411	17436.59601	26369.43469	27621.90655	27134.51529	22604.81663	13616.64553	11306.96476	9993.653001	9380.702429	143685.7343
북	90	전주	9344.704935	10259.11737	11985.06665	13101.80881	14946.32088	16252.97708	16566.89845	14905.72491	12751.39602	11007.1327	9958.178036	9120.372811	109760.3747
수평	0	광주	29685.63685	37858.86719	44971.18109	48799.39459	53524.63516	43919.29369	40483.38771	40972.91629	44235.86779	40682.32843	31445.40536	26263.55405	352467.3588
남	30	광주	47447.43832	55233.06881	54837.60311	52346.10249	52033.5635	42334.41177	40418.22372	42473.80377	51225.77591	54195.64835	47442.69407	42608.34392	424834.7717
남	45	광주	52539.70092	59391.69854	55307.28191	49903.39803	47243.52476	38446.56066	37426.9904	40042.96692	50602.75065	56562.33851	51649.46512	47415.05064	427528.9504
남	60	광주	54582.10119	60081.10648	52689.33229	44812.84827	40098.18557	32780.98916	32702.2607	35682.52738	47226.54389	55718.0571	52885.0942	49486.51336	407115.9253
남	90	광주	49177.89831	51103.95241	39109.15968	28202.86505	21412.13261	18481.66212	19813.57725	22378.2302	33274.49635	44841.62647	46314.31904	45055.06242	305148.7017
남동	30	광주	42120.25499	52164.99715	51496.6403	51368.78465	52495.10605	42641.44415	40153.3165	42360.82363	48465.73858	49370.00888	41928.10452	36556.86301	401853.2518
남동	45	광주	45148.22567	55286.27133	50961.84299	48876.70529	48375.27934	39246.73179	37498.42168	40279.2313	47087.75447	49980.13905	43890.15991	38868.83999	397572.6605
남동	60	광주	45693.55129	55321.85431	48041.10991	44459.53409	42585.16429	34533.96968	33520.53259	36651.03322	43824.99225	48192.54695	43521.03192	39168.17315	375566.7171
남동	90	광주	39333.27674	46844.24223	36207.96348	31351.66755	28260.7848	23297.93308	23636.40891	26317.409	32265.59265	38027.94916	36157.92604	33467.74833	287679.1228
남서	30	광주	41337.35423	47185.2042	50802.51882	49750.61113	50908.2778	42280.64024	40704.35077	41800.82922	48687.86826	49576.8791	42400.74168	38134.85575	396623.9662
남서	45	광주	43929.40242	48416.08531	49999.38692	46828.01515	46471.93171	38869.08344	38307.88591	39683.96515	47414.01358	50326.65765	44660.94588	41118.31462	391050.6241
남서	60	광주	44151.38787	47179.01956	46958.21492	42235.13545	40637.14792	34206.16514	34506.38012	36083.34828	44220.25272	48582.9767	44500.59204	41901.48214	368479.8236
남서	90	광주	37754.52962	38255.37232	35127.52944	29287.96282	26675.33954	22976.15991	24276.72718	25861.02933	32688.79919	38310.86299	37211.17457	36531.35144	280721.5626
동	30	광주	29720.66277	39975.04285	42820.12963	46586.13944	50845.89516	42241.18802	39160.98073	40057.45329	41802.89707	38580.91134	30009.92537	24763.13812	340390.32
동	45	광주	28863.76137	39502.59749	40037.33336	43204.39047	46762.0103	39085.54078	36523.62383	37731.79751	39003.02206	36384.43414	28488.21988	23573.71546	320296.4371
동	60	광주	27348.47166	38031.66348	36550.08854	38986.18126	41715.56278	35009.01542	33162.88542	34595.01179	35507.2493	33528.11847	26497.04224	22219.6181	293942.0084
동	90	광주	22746.0254	32039.4397	27949.12088	29139.52745	30581.21078	25832.36103	25198.83964	26637.85353	27155.89499	26267.281	21129.00748	18138.76289	227949.599
서	30	광주	28587.37918	34459.6675	41887.34504	44382.20053	48624.17455	41634.88246	39990.42263	39443.59722	42126.39659	38779.84794	30697.87428	26792.38386	334016.9032
서	45	광주	27551.78512	32570.88341	38891.8537	40440.89556	44094.06966	38370.4121	37668.20822	36968.97156	39446.39892	36569.19897	29268.52365	26122.69303	312519.4039
서	60	광주	26121.09819	30273.004	35266.93259	35953.88363	38899.48629	34267.49892	34339.69709	33768.39285	35982.12954	33769.85263	27287.24933	24852.38321	285358.082
서	90	광주	21495.45529	24490.54973	26942.93969	26313.61821	27896.03637	24920.21161	26011.64649	25941.07503	27313.99545	26495.58194	21948.05906	20370.38162	219128.6048
북서	30	광주	16365.57503	21828.35161	31932.29114	38351.15518	45594.45114	40352.23334	38190.2523	35859.40376	34153.65921	26874.37895	18592.05173	15038.08697	265443.7067
북서	45	광주	12875.28787	16798.72238	25487.5741	31495.32643	38728.71333	35774.15044	34494.19907	31430.62716	28313.09136	21109.32262	14429.71729	11890.78505	221453.8699
북서	60	광주	11424.80517	14176.79059	20841.78456	25522.3849	31788.40274	30400.37477	30035.34034	27026.36871	23505.85743	17445.6576	12434.48959	10506.56283	186575.518
북서	90	광주	10597.61641	12561.27225	15910.45964	18090.25057	21645.1204	21289.27365	22080.98515	20217.60701	17554.64998	14084.48981	10992.94293	9636.217936	142293.0366
북동	30	광주	16919.85152	24924.58387	32569.04649	40040.92408	47415.52307	40946.33682	37620.65003	36379.64442	33943.14097	26720.33105	18252.66738	14054.8789	270130.9948
북동	45	광주	13328.5617	19961.60768	26139.40093	33607.68059	41021.16127	36534.74798	33679.75359	32064.77933	28047.22046	20988.74269	14124.86874	11219.35169	227041.3161
북동	60	광주	11756.9381	17101.31447	21409.92858	27765.28895	34176.12876	31238.60048	29167.18541	27663.29373	23381.11579	17318.21088	12165.66906	10200.55237	192427.5938
북동	90	광주	10787.40956	14642.55695	16252.98069	20022.98502	23857.08522	22257.47456	21571.82095	20746.62096	17754.26871	14044.51411	10888.23842	9543.835559	147806.709
북	30	광주	9811.854195	15177.46671	27147.70321	36416.51613	45362.77561	40311.70507	37372.97563	34535.5863	30263.2092	20248.28727	11887.81168	8740.715774	232107.916
북	45	광주	8788.123737	8103.588852	16302.69831	27314.80131	37587.45295	35380.62869	32955.79809	28665.19837	20939.33204	10709.27471	9146.784047	8649.238825	179129.7169
북	60	광주	9228.078293	8803.374284	10760.87448	17069.45619	28002.5591	28766.90025	26989.98699	21522.41313	12858.04632	9999.074008	9505.190723	8922.007923	140895.7703
북	90	광주	9792.935633	10194.2835	11410.33566	12274.29854	14741.34471	16553.13814	16801.06903	14448.58602	12311.98125	10752.18381	9907.478127	9120.570193	108382.1903
수평	0	부산	33999.50235	36406.37845	46246.5821	50681.32124	50477.50622	51516.73037	50417.47379	49652.49892	44711.8598	39996.22314	33413.57941	29890.67314	378004.2617
남	30	부산	56470.58293	52113.78975	57139.42848	54646.97058	49346.14217	49255.90558	48916.88447	51515.21761	51727.25574	53065.32247	52120.63085	50272.86102	457445.4866
남	45	부산	63109.02504	55738.01318	57887.3156	52146.22724	44946.67199	44282.37448	44435.58515	48371.94823	51054.95162	55339.12561	57254.50333	56435.05283	460537.7407
남	60	부산	66004.79429	56145.8146	55361.68516	46831.30046	38373.37515	37128.08407	37793.47735	42730.14342	47601.64389	54498.59765	59040.6882	59285.69967	438374.7663
남	90	부산	60047.45221	47422.07519	41389.69702	29360.38119	21100.52507	19389.6404	20708.98114	25819.06201	33450.98142	43912.00375	52319.52769	54514.20626	327736.4107
남동	30	부산	48657.78947	46589.62326	52635.30615	53253.08549	49407.0898	49313.20845	49277.99773	50679.48535	47975.42311	47576.09372	45578.35839	43471.62663	426743.4905
남동	45	부산	52110.75779	48130.13538	51874.94143	50725.21464	45870.49547	44910.24278	45503.88839	47572.60025	46380.37863	47840.86522	48069.68434	46817.50338	420372.7683
남동	60	부산	52803.41765	47302.24938	48964.50443	46134.23695	40715.19281	38947.81074	40157.51826	42691.73823	42903.84771	45682.75486	47842.28881	47588.21151	395424.2875
남동	90	부산	45324.00906	38603.02555	36835.71999	32349.87553	27626.35212	25106.91548	26789.14526	29341.45538	31372.50607	35625.76138	40271.6339	41524.65609	299735.8253
남서	30	부산	49477.22787	47212.82944	53548.54344	51917.94664	48765.11081	48869.64236	48150.9479	49617.50781	50098.42045	49398.37827	46282.83555	43606.36457	428556.2658
남서	45	부산	53229.08907	48937.5043	53094.90973	48862.78053	44905.65891	44284.91576	43968.43432	46122.85679	49144.63218	50468.31483	49197.62432	47142.13251	422923.7276
남서	60	부산	54130.49832	48243.25784	50340.52645	43931.54278	39530.023	38223.91865	38406.51178	41048.56071	45926.66746	48858.1369	49313.78847	48065.49402	398507.0646
남서	90	부산	46808.07131	39610.86522	38245.52339	30363.03039	26668.04484	24683.27615	25470.16712	28028.26346	34290.163	38799.44454	41751.66347	41869.59029	303943.4513
동	30	부산	32218.54513	34682.41234	43112.88072	48063.7934	47859.84814	48424.97298	48207.35451	47299.58032	40907.95437	36950.03591	31640.32349	28589.73769	356486.3119
동	45	부산	30724.93013	33017.19007	40151.27564	44410.43254	44349.34763	44118.96615	44545.81647	43572.24675	37819.17401	34381.5764	30085.05684	27725.95302	332315.4176
동	60	부산	29054.70098	30963.18534	36564.13027	39879.73238	39945.51515	38856.76022	39839.49546	38942.19638	34182.37662	31358.29952	28089.69609	26793.19171	302751.5895
동	90	부산	23968.1351	25149.762	27985.04208	29442.00274	29711.5399	27546.29806	28925.45493	28482.99665	26063.75667	24694.58476	22855.39431	22459.11034	231706.792
서	30	부산	33123.90388	35560.41479	44198.34643	46156.85399	46768.54723	47757.70245	46620.04683	45783.71684	43714.87529	39417.64978	32716.78251	29125.30781	358613.787
서	45	부산	31921.17464	34154.24238	41505.6568	42048.02384	42877.72899	43218.1029	42428.05022	41644.97645	41249.09609	37528.38384	31379.87787	28234.36456	334644.533
서	60	부산	30347.75327	32112.7367	38069.93856	37364.48109	38362.82992	37861.9271	37513.16729	36901.96222	37924.41056	34810.95882	29314.85789	26751.88475	304767.3664
서	90	부산	25095.4796	25967.31478	29409.4765	27344.95353	28517.43853	26847.662	27292.39074	26851.32617	29393.57997	27311.37946	23977.4966	22654.0056	234121.7273
북서	30	부산	16848.74706	22792.21895	33170.39705	39712.07325	43813.16692	46183.11909	44586.14	41658.74609	35196.58371	27890.44846	18589.41001	14779.19431	281610.474
북서	45	부산	12294.29764	17888.77434	26606.17451	32493.30363	37715.50858	40055.16373	38586.85818	35173.01504	29365.5596	22485.67567	13979.06563	11252.72162	232445.2859
북서	60	부산	10574.61081	15046.52029	21833.95186	26241.83184	31508.52307	33109.58257	32155.52929	28969.39616	24619.36502	18685.48944	11854.87853	9558.574071	193150.5749
북서	90	부산	10328.80237	12802.0067	16734.09892	18733.37835	22417.335	22266.53606	22461.09536	20375.48716	18504.89263	14768.19691	10841.44527	9133.630699	145718.9231
북동	30	부산	16387.61135	22241.60103	32442.70771	41110.26981	44619.7869	46669.49444	45739.73325	42763.48924	33178.84137	26165.52015	17924.83455	14650.416	280682.7657
북동	45	부산	11918.99494	17352.2646	25782.47127	34213.47796	38808.80496	40747.19934	40189.06334	36647.02844	27058.11262	20595.03814	13439.02513	11068.6875	232437.8546
북동	60	부산	10320.9923	14716.62404	21064.25405	27887.09676	32719.9029	33858.24084	33933.56359	30509.90287	22316.13222	17306.87795	11477.48022	9659.083468	194380.4608
북동	90	부산	10215.80554	12653.65213	16129.44784	19712.20866	23147.74207	22830.91732	23451.61876	21369.82577	16713.55313	14241.17351	10735.62586	9202.847898	146510.0091
북	30	부산	7929.707356	15262.87115	27291.41758	37478.90155	43145.97815	45915.15028	44425.77886	40466.06969	30197.78751	21043.1421	10605.49475	7246.152641	242190.6253
북	45	부산	6887.715245	8536.629508	15848.45181	27836.32521	35999.22418	39408.41058	37905.17366	32705.49156	20607.07767	12021.64511	7886.122827	7148.314744	185163.8453
북	60	부산	7719.852631	9084.291469	10439.2785	17005.22021	27131.0281	30968.27714	29576.04428	23493.5145	12343.4349	11385.18725	8487.391084	7595.018304	142944.6598
북	90	부산	9426.658598	10116.37162	11537.27744	12200.79543	14927.96379	16071.37335	16221.25847	14770.93864	11923.80951	11798.1585	9580.640013	8511.57709	107509.5783
수평	0	목포	28572.50708	36227.71141	40670.19913	47499.55451	51916.00114	42106.95733	44450.38755	45431.61434	42911.88279	39110.84512	32360.76277	24485.14701	347387.7212
남	30	목포	44764.05941	49631.40268	48886.26479	50917.03374	50821.18784	40673.81099	43710.5875	47029.60146	49012.15116	52169.57115	49275.17135	38170.03966	412274.759
남	45	목포	49310.79261	52371.31183	49117.85161	48553.6384	46307.00181	37026.12043	40029.17557	44165.98761	48197.31905	54473.83214	53779.71732	42041.27949	412366.1792
남	60	목포	51020.96366	52158.12838	46683.90604	43630.33744	39463.59515	31684.59996	34472.42295	39106.92105	44824.69951	53685.29377	55176.22538	43531.87071	390403.6233
남	90	목포	45666.68741	43130.85441	34658.94754	27571.79551	21381.28681	18246.42548	19813.33929	23870.34429	31445.26395	43251.87632	48482.74222	39133.94185	288986.8768
남동	30	목포	40261.36878	44971.80547	46330.93526	49155.73245	50400.02776	40550.63115	44547.57918	47022.44059	46721.85992	47929.12912	43302.54095	33565.51939	390309.6117
남동	45	목포	43074.33523	46038.34934	45820.6718	46592.78974	46368.83546	37236.59452	41613.41757	44600.70384	45277.52564	48700.54121	45382.22089	35540.61403	384024.9696
남동	60	목포	43512.70926	44676.8477	43144.51926	42208.05569	40861.42863	32709.87464	37061.99924	40406.35205	42015.06482	47160.79405	45081.88807	35686.98986	360822.6431
남동	90	목포	37363.37562	35660.59499	32548.74909	29707.02886	27510.38575	22259.64236	25297.54079	28607.00278	30709.63485	37530.20434	37557.07457	30309.50051	273592.0225
남서	30	목포	38922.6647	44990.41135	45477.41965	49568.57161	50612.46798	41077.62993	42739.36684	45324.61373	46523.1473	47503.05754	44098.08189	34154.00293	387467.9
남서	45	목포	41092.82632	45987.8016	44633.38984	47201.62068	46719.56758	38075.53529	39375.77922	42489.80621	45010.84908	48164.99301	46578.01793	36376.22761	380593.666
남서	60	목포	41026.61502	44573.67645	41811.9016	42987.34171	41350.8985	33749.24269	34679.92383	38186.4125	41712.02557	46525.30172	46552.37408	36684.97755	357272.1459
남서	90	목포	34743.43472	35564.20279	31225.41335	30287.47991	27925.29915	22897.42676	23442.40862	26754.61296	30442.56487	36805.3237	39103.13452	31403.55208	270216.4138
동	30	목포	29039.94747	34482.38393	39366.14278	44371.16971	48439.02004	40050.81857	43913.90907	44319.39557	40779.75309	37797.49813	30727.68731	23921.09831	333938.3271
동	45	목포	28258.75278	32450.93174	36986.78293	40895.6795	44432.39534	36902.95782	41104.83225	41583.29051	38008.15218	35959.82089	29242.89749	22831.00965	313103.5227
동	60	목포	26747.55805	29927.81179	33824.72289	36752.82539	39721.76942	32979.82417	37140.97902	37916.67653	34458.85815	33438.93168	27309.08471	21353.27786	286018.9891
동	90	목포	22151.69784	23511.90133	25847.98593	27515.74121	29528.38473	24464.14957	27621.5468	28683.79682	25942.7075	26602.33702	21893.82099	17049.31473	219716.7071
서	30	목포	27237.23736	34603.22721	38199.58093	44988.59788	48750.26192	40754.73916	41395.94369	42178.73773	40493.70108	37250.80829	31788.07114	24574.07101	330163.9082
서	45	목포	26088.13795	32608.5365	35570.10218	41728.47068	44915.91282	37945.08265	37945.41468	38864.46508	37628.07574	35275.075	30470.97462	23603.29533	308552.439
서	60	목포	24596.11907	29957.00184	32270.59733	37596.58407	40286.44949	34133.12618	33807.40942	34975.73776	34043.32637	32740.03348	28628.21859	22226.45434	281251.6929
서	90	목포	20079.75243	23400.71156	24604.76866	27985.60279	29749.43617	24973.07	24793.10729	26336.84824	25535.25473	25878.40382	23225.40168	17881.55614	214940.1565
북서	30	목포	16248.88601	23456.58287	30223.08656	38864.45791	45443.16381	39490.57139	39832.80536	38313.97096	33429.16432	26038.58769	18991.39698	15022.90562	266997.063
북서	45	목포	12971.29825	18394.82076	24798.24971	32725.49279	39253.83033	35466.1813	34862.41399	32805.84032	27736.92479	20688.29616	14750.13865	12333.08872	224268.4956
북서	60	목포	11579.52955	15344.14414	20666.6686	27027.98365	32851.09017	30519.25142	29410.38199	27586.19221	23012.52772	17251.93949	12710.12332	11204.13522	189474.7362
북서	90	목포	10619.38221	12541.86771	15849.6277	19427.69052	22996.66694	21505.13915	20897.89133	20161.6021	17088.92151	14037.22709	11228.6928	10086.11844	143586.9506
북동	30	목포	17173.6535	23387.9144	31030.26413	38396.55284	45266.76385	39103.88884	41800.00287	39971.97699	33644.40856	26311.66641	18404.94709	14747.28508	269920.9325
북동	45	목포	13758.40285	18336.17308	25627.01985	32077.04424	38974.76099	34857.09531	37491.64476	34887.6494	28034.30131	21017.94621	14163.01796	12090.4068	227679.3448
북동	60	목포	12133.5808	15296.88906	21400.73755	26444.37096	32524.29572	29815.45181	32245.56559	29732.80524	23356.96423	17611.41467	12165.5714	11005.95917	192913.6504
북동	90	목포	10929.23602	12602.72159	16284.46669	19343.65695	23098.96641	21423.20138	23042.77668	21628.29879	17398.07676	14336.1426	10891.4967	10003.20292	146966.0388
북	30	목포	10474.3383	17297.16478	26518.2424	35906.37667	44216.77405	39020.88391	40232.61205	37415.55545	30156.04881	19853.10556	11734.59688	10117.59413	236220.7844
북	45	목포	9321.201524	10166.79412	17595.70966	27252.67763	36753.20914	34502.57576	34966.75694	30491.17274	21517.4332	10654.39115	8942.609508	9915.237292	184602.1716
북	60	목포	9658.004699	10326.77857	12514.16075	17441.74177	27506.4549	28367.58762	28028.59582	22210.19896	13748.51903	9985.720196	9355.568121	10042.31404	145796.6694
북	90	목포	9917.312743	10547.22651	12286.04087	12564.75424	14776.87302	16670.47638	16419.73487	14273.69268	12590.11918	10751.72248	9917.323559	9701.519242	109908.8716
수평	0	서산	28763.25183	36512.99886	39220.05899	46423.16221	49440.75709	44979.10197	40900.14629	44026.76341	41354.85613	35332.35467	27202.52134	25674.91196	335646.2109
남	30	서산	47153.43306	52617.65395	48336.87894	50500.53411	49186.23557	43412.32259	41205.74482	46134.00295	48386.71806	47311.87205	41635.19587	43233.04597	407777.641
남	45	서산	52579.14104	56430.50783	49016.15816	48512.77253	45279.50413	39384.11472	38262.13121	43603.06042	48062.99907	49540.6436	45555.24048	48582.22754	411798.1649
남	60	서산	54937.64766	57002.88449	46987.15786	43978.87637	39180.89604	33532.80677	33515.43041	38926.98633	45156.40111	49000.11684	46868.41442	51102.79404	393728.5831
남	90	서산	50030.12159	48493.67151	35536.7147	28590.6738	22486.13217	18758.96836	20272.72061	24457.64403	32509.30578	39944.72521	41499.94029	47175.46354	298454.367
남동	30	서산	41635.95976	47383.48907	44384.44577	49227.64085	48785.27511	42860.14313	41210.83529	46520.5321	45945.72127	43372.5126	36491.88377	37308.32251	383094.0898
남동	45	서산	44958.92456	49357.17814	43790.93894	47135.50303	45354.42147	39200.22987	38620.56212	44556.34534	44923.40549	44129.40847	38324.83114	40262.46588	379713.2435
남동	60	서산	45746.15405	48636.67183	41195.36926	43136.88049	40371.2985	34342.58397	34549.43616	40748.68287	42045.17668	42766.3724	38173.8785	41067.34294	359341.6018
남동	90	서산	39813.86547	40017.04365	31075.94148	30775.02028	27462.41986	23027.54692	23971.2729	29241.84615	31245.91631	34053.13017	31991.05225	35859.14659	275939.2703
남서	30	서산	40882.85661	46928.08939	46048.95258	48245.20948	48590.43578	44048.98642	40630.00485	43834.97236	45739.45152	43193.72388	37643.73603	37866.37297	382002.5975
남서	45	서산	43728.2164	48546.02319	46078.3555	45904.27554	45108.84566	40844.26235	37899.59778	41069.16179	44622.5495	43950.57856	40036.25534	41023.54555	378386.7905
남서	60	서산	44189.18392	47604.2665	43931.65516	41786.72022	40153.93988	36170.17353	33783.62845	36911.09649	41699.25746	42570.44741	40251.43186	41968.81942	358054.0523
남서	90	서산	38170.36825	38893.59162	33856.97817	29481.12696	27354.21858	24243.45895	23209.01766	25865.23435	30821.75783	33846.13149	34301.75673	36848.19721	274754.8343
동	30	서산	29024.63193	35391.11045	36656.92931	44400.30753	46649.91403	41908.80338	40050.20395	43924.07529	39656.28711	34153.41704	26110.08406	25040.82307	323369.1693
동	45	서산	28337.99753	33758.64927	34155.85255	41317.80163	43042.10948	38376.2261	37350.13407	41578.35852	37150.22106	32401.39203	24962.92154	24173.95057	304120.5822
동	60	서산	26832.78073	31493.45021	31206.04078	37380.09402	38561.69961	34167.80483	33757.93288	38159.44931	33861.53904	30024.83215	23459.80612	22835.97758	278655.2167
동	90	서산	22271.54393	25514.3495	24158.30032	28021.34053	28556.03975	25151.48139	25116.44215	28879.39567	25643.20074	23652.79887	19032.20299	18799.47618	215143.259
서	30	서산	27705.33053	34726.2125	38833.7977	43082.42207	46378.16981	43506.47954	39188.47849	40366.96775	39378.32554	33959.58152	27655.68832	25532.65352	321406.4586
서	45	서산	26667.06242	32991.13813	36912.82012	39629.15347	42735.75325	40481.76229	36254.134	37003.94819	36809.90994	32139.63181	26885.30661	24769.09613	301653.3998
서	60	서산	25358.78963	30709.54791	34077.04782	35532.79721	38287.11475	36405.38463	32472.6197	33152.77845	33471.964	29768.33027	25448.64168	23542.36375	276049.4722
서	90	서산	21120.3381	24642.97076	26532.05752	26432.54673	28276.04033	26651.73722	24030.22935	25021.09211	25293.21284	23361.81593	20864.44037	19581.61045	212949.1198
북서	30	서산	15234.02566	22038.59647	29946.21961	36999.47276	43020.88657	41630.53222	37323.01602	36718.76657	31989.46355	23957.27537	17027.77485	13421.29488	255234.3367
북서	45	서산	12037.78753	17134.74859	24852.33256	30749.71338	37120.20061	37016.8552	32987.35002	31251.33225	26602.04764	19287.18074	13819.528	10626.79461	214523.2708
북서	60	서산	10951.16748	14459.43138	20956.57074	25309.87918	31122.80955	31574.21196	28063.22644	26253.8893	22217.56069	16345.59035	12253.43526	9619.052232	182116.7563
북서	90	서산	10374.76043	12430.53742	16186.98096	18485.09582	22115.54273	22197.47174	20297.03724	19617.29316	16960.02662	13337.87658	10886.34193	9150.932525	140337.9903
북동	30	서산	15972.79644	22429.59154	28454.41176	37982.99379	43219.69961	40533.39818	38040.86684	39377.71931	32170.4013	24028.2175	16210.25511	13265.06212	256993.4879
북동	45	서산	12478.8606	17490.75367	23215.51378	31995.18131	37396.5662	35476.39244	33941.91349	34685.68537	26779.88514	19382.30408	13140.88356	10426.44125	216692.5729
북동	60	서산	10999.47317	14775.14069	19615.83467	26590.81406	31379.3849	29921.97196	29165.31325	29790.22326	22395.59108	16466.75805	11774.01685	9434.930264	184478.0449
북동	90	서산	10362.40126	12539.31641	15611.01803	19438.09624	22403.32043	21291.70162	21070.91886	21697.14657	17030.82577	13542.38992	10605.87146	9038.371665	142262.1187
북	30	서산	8902.245551	14960.87254	24912.13152	34707.33184	41904.60884	40640.42864	37009.7197	36376.20914	28533.407	18453.8915	10935.23128	7659.087123	223083.6261
북	45	서산	8495.893248	9159.356364	15989.27526	26123.63577	34814.65948	35265.83342	32222.54574	29739.87075	19978.10728	11050.70865	9448.205734	7972.150366	175914.5677
북	60	서산	8949.993521	9615.948894	11948.3298	16579.2393	26106.61862	28195.92779	25934.20377	21792.44248	13176.03309	10865.52933	9741.518158	8277.786149	139923.6032
북	90	서산	9554.420094	10351.92362	12106.78761	12798.88975	15204.50544	16084.80894	16162.7795	14704.77421	12655.99473	10939.91556	9821.135345	8632.291993	108891.5623
수평	0	진주	34444.32744	39352.48166	47695.0736	51149.56275	50178.09468	45668.19527	46060.88581	44079.41196	45541.41413	41425.78127	34342.0342	32398.09633	374103.2995
남	30	진주	57558.95246	57379.59197	58242.63891	55089.85858	49233.2527	43817.31318	45202.23745	45603.00011	53135.67986	55504.15765	53709.17972	56186.71249	460143.5765
남	45	진주	64420.96761	61675.41036	58734.32503	52590.38955	45008.55737	39616.87945	41394.05326	42860.29025	52628.51794	58027.95591	59022.94684	63494.73576	466436.1827
남	60	진주	67452.88919	62360.35893	55920.42126	47257.03761	38578.87154	33544.10232	35614.32823	37967.54829	49230.58418	57240.86716	60870.15696	67006.26799	447032.7237
남	90	진주	61475.06525	52960.19005	41350.62795	29688.41816	21409.88338	18456.25113	20375.58562	23252.31654	34866.24874	46170.55988	53906.18787	61957.67166	339507.3964
남동	30	진주	49242.16631	51521.59265	53978.88465	53554.87573	49097.815	43313.35252	45759.44389	46043.92632	49745.32664	49537.42823	46522.07514	47617.92247	427590.6885
남동	45	진주	52801.39866	53708.15771	53097.11022	50837.99089	45277.22905	39511.27125	42611.15092	43764.51312	48321.89877	49842.51637	48948.55531	51383.95239	423228.8135
남동	60	진주	53543.40272	53118.46567	49930.71628	46207.22646	39722.09676	34466.10524	37762.57359	39785.15886	44886.906	47656.17756	48649.19371	52397.26618	399799.6592
남동	90	진주	46065.12443	43928.36922	37355.12925	32584.95025	26127.23706	22893.5631	25608.18545	28255.69124	32919.45167	37030.27313	40775.10652	45694.55785	305649.8072
남서	30	진주	50634.43264	51100.14611	54430.08305	52733.33046	48492.72657	44456.84941	44297.59492	43508.72535	50763.23448	51525.52876	47996.12939	49090.43088	429855.7342
남서	45	진주	54635.24849	52975.51962	53695.34532	49893.40352	44507.3309	40951.81836	40687.38575	40484.53749	49673.96645	52667.01576	51149.86926	53542.10902	426724.1864
남서	60	진주	55682.48116	52153.53478	50625.1463	45275.49402	38928.83078	35978.14643	35811.73629	36262.42325	46416.57867	51021.48631	51396.06143	54986.2897	404523.7823
남서	90	진주	48520.03079	42750.7842	38091.83343	31806.6081	25569.71823	24048.28619	24130.04831	25317.874	34542.7503	40386.28023	43655.75305	48373.3306	311536.4753
동	30	진주	32661.35945	38100.3874	44487.15204	48091.8711	47306.29176	42499.56046	44840.11555	43632.28524	42537.51314	37952.96449	32007.69102	30397.00185	353772.0528
동	45	진주	31349.01949	36632.29633	41380.40568	44400.55747	43225.74948	38808.28791	41660.34835	41026.83228	39509.62429	35168.088	30284.94763	29096.84563	330382.3865
동	60	진주	29716.27471	34617.46539	37628.56933	40038.48652	38205.16314	34379.74377	37359.11109	37455.10297	35798.25255	31966.14784	28147.09836	27646.9613	301427.849
동	90	진주	24827.36279	28226.37119	28669.14159	30177.89816	27504.05074	24957.93211	27522.67024	28360.41039	27349.38639	24775.46344	22710.22171	22968.49958	232071.7706
서	30	진주	34002.20028	37541.18966	45012.81161	46995.11927	46358.30595	44119.0855	42839.81708	40203.21433	43859.58467	40463.89985	33859.52784	32116.56669	355849.2988
서	45	진주	33116.94468	35797.21857	42050.43951	43227.34234	42092.47086	40859.11471	39175.16641	36780.16452	41196.98705	38279.09421	32543.28756	31226.40276	333155.1658
서	60	진주	31828.95259	33521.50806	38374.29517	38782.18391	37043.66372	36575.97011	34810.0568	32974.79961	37708.30925	35348.3743	30499.72792	29757.37781	304556.4259
서	90	진주	26745.27751	27395.67156	29414.48917	28605.18009	26293.05399	26754.41779	25448.2309	24594.31089	28877.24539	27652.32372	25069.20659	25028.36028	234881.2258
북서	30	진주	17187.82742	23138.3274	34049.46571	40054.61998	43525.43221	42577.292	41081.34931	36735.49897	35262.94135	27844.97026	18816.95309	14992.12903	274251.4613
북서	45	진주	12719.23848	17655.12508	27219.31814	32947.56755	37332.07331	37942.28027	35814.67061	31207.93483	29222.86117	21798.05908	13981.88469	10728.08867	225565.9726
북서	60	진주	10942.85422	14872.25414	22216.28997	26756.45113	30745.72066	32332.98738	30133.75556	26147.01844	24303.25848	17875.68656	11805.63628	9149.707068	188061.9629
북서	90	진주	10545.7062	12955.97871	16771.05833	18924.20518	20771.09653	22643.75344	21278.40755	19105.91201	18161.76651	14228.93401	10819.50444	9327.156045	142850.8964
북동	30	진주	16585.77678	23540.94988	33696.81374	40952.57612	44322.97808	41326.63553	42543.91019	39339.26055	34347.80521	26166.58795	17855.60021	14290.71781	274054.8602
북동	45	진주	12162.05065	18092.17722	26783.60851	33958.56497	38332.76027	36243.76688	37826.68421	34509.05738	28160.95053	20128.09925	13070.87192	10161.62335	226239.0236
북동	60	진주	10475.01406	15015.51486	21782.36975	27915.22739	31787.61125	30461.91658	32201.42203	29491.02657	23301.48957	16515.95271	11031.61642	8849.538985	189262.3899
북동	90	진주	10285.08592	12953.50241	16453.68186	20370.02224	21926.18574	21257.86213	22733.97065	21494.16375	17624.34622	13516.44629	10367.43136	9105.133709	144773.8231
북	30	진주	7850.575753	14939.07825	28397.02742	37343.36569	42869.52287	41590.76341	41144.69011	36429.35772	30736.91142	20506.17759	10258.57778	6053.586352	232727.0835
북	45	진주	6784.416696	7536.407214	16721.85711	27412.10502	35832.19443	36278.37805	35488.91365	29774.3554	20946.39182	10771.75036	7263.657193	6072.980013	176469.0207
북	60	진주	7607.844998	8325.203207	10517.02098	16344.47376	27130.23927	29218.32941	28168.69539	21797.06655	12637.24376	10204.21023	7902.920344	6830.432626	136706.7725
북	90	진주	9327.857861	9990.236712	11495.0081	11941.92527	15046.15355	16306.48125	16326.79433	14078.67416	12467.87124	11047.73659	9191.765527	8496.911536	106496.6675
수평	0	포항	33931.07552	38157.08971	44176.23347	45896.23529	51281.23312	45389.53302	44796.49635	44234.95719	37966.22553	36022.27779	31045.63468	29601.10051	352384.127
남	30	포항	57905.73804	56053.88466	54958.40584	49769.29653	50219.74398	43446.30094	43886.63408	46110.82374	43628.84919	48180.77869	49068.54291	51993.65429	434347.8623
남	45	포항	65162.56363	60390.63056	55888.4409	47732.06773	45780.96612	39315.97352	40151.56462	43473.43205	43070.20603	50426.18945	54123.79409	58971.81722	440968.8742
남	60	포항	68529.19513	61185.13355	53690.31482	43206.50636	39156.88885	33440.80471	34523.84573	38656.76997	40253.31323	49851.08392	56018.25903	62434.78831	423669.1135
남	90	포항	62954.90004	52175.92239	40711.74438	27969.28155	21589.09136	18764.29073	19796.38678	23891.5604	28758.82503	40585.63655	50032.6122	58126.80914	324576.3864
남동	30	포항	50008.96401	50242.37225	50830.87051	47342.18725	49818.69056	43196.61955	43369.96082	44310.04196	41229.95639	44254.95378	43047.43242	44361.34491	402884.926
남동	45	포항	54045.35696	52367.79218	50376.40972	44965.67595	46074.83453	39757.72322	40022.53428	41540.26011	40075.2921	45118.35587	45715.80992	48178.10179	400026.352
남동	60	포항	55184.15693	51841.35628	47809.6889	40903.90254	40693.21121	35041.87211	35403.52687	37351.03779	37196.86508	43619.30214	45797.53624	49292.53401	379433.2908
남동	90	포항	48059.62034	42793.67652	36402.03214	29025.04541	27130.35655	23591.75758	24135.24183	26166.7284	27285.82881	34726.01021	39134.008	43430.6002	293061.37
남서	30	포항	50035.98855	49901.82	51357.76163	49055.99204	49930.73213	44735.41946	44250.86564	46341.05493	41980.08805	43790.55834	43342.67736	45082.65111	408603.702
남서	45	포항	54063.61595	51819.11144	51083.97471	47221.48739	46057.57827	41567.57949	41174.91467	44249.14342	41042.78865	44520.57594	46278.38459	49338.18956	407504.8822
남서	60	포항	55226.06571	51226.01248	48605.97044	43387.09919	40503.17454	36957.80266	36692.46886	40395.19618	38286.79835	42886.53738	46587.95728	50767.07964	387798.9444
남서	90	포항	48112.67084	42140.70288	37259.13612	31255.11828	27043.1158	25484.26008	25096.84233	28804.42223	28542.37634	33834.04926	39947.70935	44927.17911	300821.3637
동	30	포항	32719.69265	36684.50062	41759.32367	42428.45993	47896.32029	42463.94923	42145.39903	40943.57485	35986.85483	34887.89557	30033.48945	28092.92238	333032.3424
동	45	포항	31563.08946	35052.60182	39168.8504	39106.26429	44026.58016	39200.64402	38822.08501	37620.40857	33494.91824	33045.18933	29013.04717	27085.38122	311932.7561
동	60	포항	30105.78947	32999.02026	35898.47854	35214.04016	39256.27839	35106.31104	34813.8008	33803.82094	30299.47902	30493.16705	27478.90656	25946.32699	285762.7728
동	90	포항	25217.73081	26943.09306	27694.66453	26707.08898	28664.55769	25869.2847	25820.43006	25627.72858	23038.77402	24022.74485	22923.76986	21973.81862	222245.9055
서	30	포항	32790.57536	36460.84424	42378.79394	44662.47046	47886.26487	45294.96757	43388.27575	43696.45286	37001.27499	34278.39537	30714.96851	29418.66208	341761.7787
서	45	포항	31672.33764	34812.46538	39919.97317	41969.05272	43863.47941	42812.17962	40461.91165	41233.19479	34855.64307	32221.50639	29848.42613	28705.189	323033.1223
서	60	포항	30231.80057	32608.02789	36719.86875	38242.20761	39115.59276	39233.81611	36554.9239	37732.77723	31920.52859	29604.99227	28259.98279	27272.12746	297525.9697
서	90	포항	25255.19695	26315.43786	28526.06109	28970.95079	28637.30719	30256.96408	27156.861	28553.34975	24318.18071	23243.56094	23474.95233	22973.82848	231892.6758
북서	30	포항	15861.01862	22186.90496	31869.94157	38292.62714	44642.76391	43792.21932	41260.76771	39060.89374	30771.70676	24178.87013	17387.58216	13681.65565	265338.9756
북서	45	포항	11432.1089	16729.81528	25802.73009	32648.10151	38410.24269	39837.54103	36640.5286	34201.48318	26173.72708	19311.13623	13334.60808	9887.498751	222588.2818
북서	60	포항	9910.710979	13834.97305	21448.58489	27357.45684	31924.98929	34938.73873	31389.62508	29207.21363	22201.45329	16292.31444	11500.5816	8642.305118	189134.7409
북서	90	포항	10023.64228	12130.86636	16719.80902	20027.8943	22393.24425	26174.13398	22485.58048	21267.92551	16784.7113	13304.32831	10577.13091	8992.692561	146817.2224
북동	30	포항	15812.19841	22218.37311	31469.79951	36683.73465	44621.14732	41066.61159	40328.50172	37019.71404	30073.78056	24503.32358	16912.86441	13079.99628	258626.383
북동	45	포항	11405.84192	16821.71455	25396.07107	30661.61794	38412.88142	36237.02741	35361.04374	31527.00453	25253.08855	19637.84477	13041.73963	9619.775403	214535.6775
북동	60	포항	9927.839863	14025.73531	21055.9482	25488.98887	31984.43875	30777.98408	29981.87446	26479.89238	21274.21919	16554.16683	11424.57608	8707.094903	181130.9412
북동	90	포항	10022.64371	12364.06656	16401.1407	19056.38308	22344.54153	21881.80051	21557.18223	19768.16619	16231.90455	13514.29981	10612.49627	9074.414045	140947.8103
북	30	포항	6744.480046	13916.46132	26297.44664	34760.8519	43487.10793	42082.39485	40183.12434	36254.45312	27495.51332	18785.83839	9658.609037	5671.39897	223433.3118
북	45	포항	6228.376752	6961.887309	15585.81485	26452.2839	36091.42532	37108.0251	34722.70083	29408.83884	20252.84811	11142.20755	7559.682726	6108.025389	174096.6508
북	60	포항	7151.888189	7752.304343	11318.19569	17082.90404	26985.02421	30321.60195	27609.9567	21241.04046	13865.63075	10940.01263	8107.218974	6858.918316	138567.3916
북	90	포항	9125.373924	9442.155908	12045.48094	12981.52661	14917.05341	18008.36337	16126.98239	14037.98574	12628.59554	11069.98738	9098.977117	8424.282746	108097.5789
수평	0	제주	25328.117	35948.44444	43493.40758	46562.58267	54632.06951	45997.23411	49481.50886	47381.86293	46500.68533	36944.85628	29284.94856	24742.83024	355177.5405
남	30	제주	37420.85158	49368.91331	52290.31424	49316.5364	52830.26674	43709.02117	47495.58963	48085.09109	52785.47788	48168.26841	42760.24354	38386.25807	410506.6506
남	45	제주	40539.78745	52146.87795	52476.922	46837.99751	47797.07377	39313.40704	42837.85534	44691.919	51659.62028	49910.4287	46131.35386	42196.28986	405896.2201
남	60	제주	41376.69136	51988.50952	49773.31104	41903.86054	40334.96867	33058.52238	36156.8989	39090.05973	47724.8597	48853.70864	46897.84378	43603.65603	379634.3756
남	90	제주	36135.67227	43105.3144	36620.96268	26161.4461	21082.76593	17810.9004	19418.80344	23017.32867	32629.26003	38817.51381	40589.08264	38997.02654	272627.082
남동	30	제주	33947.62633	44891.49927	49661.1241	48820.65734	54122.39428	44546.03139	48834.31513	48356.61821	50832.39433	46634.84867	38738.08373	34157.23133	396773.1812
남동	45	제주	35709.59379	45968.14855	49142.33279	46552.49528	50008.72575	40825.09774	45201.34651	45630.55684	49239.17393	47862.03222	40497.74872	36221.38941	388886.3742
남동	60	제주	35555.94258	44599.87893	46335.38705	42397.68927	43959.81343	35633.90585	39893.37217	41049.67871	45584.93456	46625.99145	40135.50689	36389.0719	363490.6724
남동	90	제주	29765.73064	35459.85315	35192.84163	30089.42736	28853.37882	23519.34011	26875.701	28588.98423	33018.63556	37300.84536	33390.13211	30893.28637	272039.8981
남서	30	제주	33423.07108	44784.00307	49407.27122	48538.24972	50885.37463	43233.77686	46392.5777	46607.17374	49760.61805	42139.0456	38234.20408	34154.4864	384965.6774
남서	45	제주	34923.76049	45810.97792	48724.04741	46173.37036	45844.78824	39255.45213	42333.41048	43330.78921	47737.61617	41690.85971	39815.90075	36221.56478	373375.7614
남서	60	제주	34539.86243	44399.50999	45837.86896	42163.29878	39486.22689	34062.59004	36975.20889	38605.0502	43840.79669	39408.46298	39324.172	36409.63339	346417.0495
남서	90	제주	28640.39724	35297.01493	34508.6663	30238.8383	25434.46387	22314.16125	24534.7214	26557.62284	31400.42734	29835.51634	32403.37878	30940.88555	256632.9856
동	30	제주	25612.81846	34481.4135	42421.99757	45012.62067	52975.01754	44496.81967	48535.61349	46036.25542	44657.09541	38544.84445	29294.93533	24658.4884	348279.8353
동	45	제주	24701.66386	32308.09366	40202.47893	42061.46476	48972.04602	41089.19885	45274.135	43059.58874	41651.10633	37298.31408	28339.58431	23657.76433	327768.3113
동	60	제주	23143.24322	29661.35925	37181.24414	38178.37386	43694.80392	36592.20826	40843.41575	39095.05529	37675.85613	34898.42601	26637.94495	22215.4009	299430.4517
동	90	제주	18536.05097	23322.77279	29165.8367	28710.09885	31569.50436	26600.41615	30523.40996	29288.43614	28226.54676	27483.23193	21231.75628	17805.73094	228279.3699
서	30	제주	24868.43527	34609.9249	41863.79618	44890.56243	48428.89336	42608.25273	45212.90752	43740.74497	43149.97421	32829.63851	28468.32252	24741.77013	332516.7124
서	45	제주	23733.71287	32580.72563	39299.52457	42132.48117	43205.80533	38788.01289	41245.08472	40087.02406	39707.99712	30110.58826	27119.16284	23740.02144	307890.3489
서	60	제주	22124.80982	29824.68491	35934.62132	38576.41565	37555.58383	34179.18266	36601.00336	35855.73335	35637.46236	27179.54608	25426.44985	22245.23651	278209.6573
서	90	제주	17672.70597	22990.98623	27661.20097	29995.2349	26493.43835	24343.50516	26664.1203	26812.04144	26506.22329	20825.08895	20690.38567	17801.84903	210519.6451
북서	30	제주	16541.38277	23885.78793	33062.07822	39474.33211	46051.14121	41724.71694	43701.5397	40115.28913	35814.26409	24219.00125	18809.86307	15429.47145	276869.1447
북서	45	제주	13665.9778	18884.76699	27247.98086	34003.4411	38728.20092	36658.51261	37931.53235	34249.98334	29300.12744	19050.21618	15459.45443	12576.9551	232281.4989
북서	60	제주	12302.68078	15751.40639	22659.13003	28953.47284	31314.54991	30724.16318	31723.30006	28586.12608	24001.93673	15927.10318	13797.73225	11474.25207	195335.0384
북서	90	제주	10911.21645	12943.56593	17335.54576	22081.00626	20979.88195	20941.122	22068.312	20684.52171	17672.06102	13232.46566	12077.85101	10464.36716	147157.1205
북동	30	제주	16980.84718	23700.5101	33487.95882	39391.23898	49547.25171	43291.60152	46372.49322	41820.94186	36881.88892	27924.74875	19471.42698	15364.78272	288268.0494
북동	45	제주	13969.84282	18677.71879	28022.24201	33713.71249	43390.75116	38718.51054	41425.13793	36541.99392	30650.39951	23082.90666	15859.50138	12545.21196	246229.4526
북동	60	제주	12477.00277	15789.00699	23792.437	28216.56431	36314.8603	32981.27038	35477.68989	30981.74325	25189.71036	19355.89661	13755.2805	11495.12955	209114.7481
북동	90	제주	11006.83726	13249.94476	18747.80911	20441.45651	24739.60839	22927.69727	25184.98506	22155.31129	18486.7576	15183.17274	11856.71133	10517.4562	156863.2252
북	30	제주	12230.39936	18094.84665	28529.32817	36565.38852	46771.52669	42263.24995	44499.57111	39357.34575	32801.00206	20900.4114	13745.2488	10595.08908	253375.1089
북	45	제주	10436.23077	11311.97524	18961.44622	28650.41445	39027.83252	37074.20105	38419.44467	32235.41754	23373.72316	12423.34032	10789.82507	10002.77302	199681.9501
북	60	제주	10646.45378	11485.97204	12637.49601	19468.85576	29390.47879	30093.20876	30446.60644	23643.0792	14133.20299	11180.37567	11073.42327	10266.03611	156940.6619
북	90	제주	10334.70759	11594.2622	12851.58223	13522.19618	15024.02588	16421.66037	16478.91835	14315.12527	12646.24966	11437.82779	10990.33627	10110.05385	113740.1301
수평	0	안동	31407.90036	34462.72532	45226.30179	41790.19356	52467.02	49180.4861	44023.53322	41038.45906	42113.44764	34566.43509	26187.28936	29304.50159	344691.7798
남	30	안동	52403.03821	49098.02296	55990.31582	44969.51836	52135.82048	47124.47611	43644.4779	43846.95006	49769.32399	45754.23553	38352.02159	51507.39424	419638.8971
남	45	안동	58656.83441	52479.46789	56815.79609	43112.47747	47847.48722	42504.44048	40175.1601	41886.40387	49602.73406	47748.29204	41494.25956	58445.11984	424072.0884
남	60	안동	61444.13699	52866.74249	54457.60289	39082.4756	41144.45089	35858.24054	34805.06539	37816.54736	46728.78055	47104.42748	42343.67471	61908.45429	405594.3642
남	90	안동	56108.64157	44759.05856	41037.62294	25635.46477	22799.80457	19211.30134	20275.32929	24574.0857	33812.06983	38255.2281	37092.6885	57720.72609	307433.135
남동	30	안동	45821.10411	44737.79757	52295.53637	43629.63735	51278.21057	47278.51727	43444.34089	43698.81356	48305.16465	42967.68188	34452.34501	44945.801	396494.9856
남동	45	안동	49430.1926	46501.68058	51942.54669	41721.27903	47280.23879	43312.50681	40330.08832	41968.19927	47708.22721	43928.57508	36036.32578	49165.62569	393859.3603
남동	60	안동	50327.92542	45893.6845	49383.128	38294.86728	41599.05766	37830.88707	35815.98234	38532.29059	44815.90083	42595.13078	35702.2243	50661.75627	373457.1109
남동	90	안동	43632.18678	37807.24719	37732.23034	27805.17965	27573.83878	24653.36814	24485.27764	27849.48951	33406.60631	33914.70897	29995.09761	45108.59416	287606.318
남서	30	안동	45313.03904	43744.38875	51842.35143	43901.52737	51439.72301	46830.97187	43432.48214	42075.55534	45714.98352	40919.22787	34366.98182	43708.80854	389518.6471
남서	45	안동	48642.03406	45021.12694	51276.63789	42108.8487	47429.23687	42661.03304	40357.49302	39776.01603	44287.62273	41253.88561	36012.95748	47538.80119	384412.8638
남서	60	안동	49387.92814	44135.90506	48592.64959	38732.5039	41623.80632	37026.96993	35823.41686	36094.36014	40943.18562	39513.68359	35739.65199	48680.02711	362406.401
남서	90	안동	42629.71484	35892.42544	36972.38106	28248.55101	27530.19578	24151.38437	24416.95284	25810.46228	29830.58151	30862.88749	29920.8554	42678.78511	276659.3242
동	30	안동	30738.765	33874.16226	43252.42487	39772.82746	48680.36063	46363.45642	42181.55208	41036.87599	41905.74972	34487.32703	25777.65409	29268.63173	334130.1895
동	45	안동	29529.89916	32507.31442	40754.52867	37248.63619	44318.32776	42477.71562	39021.1385	38774.58978	39422.82037	32828.88472	24823.56068	28496.24607	314275.6523
동	60	안동	27893.8937	30557.22539	37451.29996	34069.48868	39205.90656	37621.72974	35019.94014	35513.09698	35990.85364	30410.39351	23300.79793	27400.3652	288115.9245
동	90	안동	23089.17949	24693.27398	28992.70253	26306.43714	28346.16395	26972.10539	26000.35111	27178.53285	27693.69708	24034.33525	18696.55946	23038.27238	222780.9914
서	30	안동	30056.04901	32718.80753	42604.60363	40084.60869	48725.01337	45761.42736	42135.51378	38746.28128	38695.6096	32083.16258	25711.26975	27886.11305	325273.2698
서	45	안동	28788.93503	31099.7568	39953.38824	37698.96634	44292.37691	41634.18102	38953.86883	35870.60166	35600.2356	29929.29265	24695.64329	26806.0113	303410.2246
서	60	안동	27234.44261	28970.96219	36653.60181	34537.89696	39140.88822	36706.46536	34858.87063	32422.25244	31971.98906	27288.71893	23088.11336	25231.97993	276193.7826
서	90	안동	22333.59315	23125.84217	28406.78656	26405.26428	28202.06296	26417.67063	25835.22507	24567.09301	23782.31228	20998.10408	18717.5256	21284.89348	211864.0145
북서	30	안동	15451.60928	21361.45987	32133.01388	34824.86296	45018.66915	43986.10036	40006.20981	35202.79357	31543.36355	23210.16721	16836.84637	13038.67699	257754.0338
북서	45	안동	11463.99163	16807.225	25936.32704	29963.22465	38280.28317	38219.88236	35249.56795	30403.08924	25785.96877	18617.21772	13946.31364	9705.177351	215217.3422
북서	60	안동	10089.51169	14315.35665	21543.95984	25529.98982	31354.73747	31779.66573	29863.55729	25849.44407	21293.82	15684.5361	12413.98488	8769.5786	181660.053
북서	90	안동	10028.88496	12303.20353	16776.24824	18943.80441	21502.22768	21878.37517	21375.07657	19364.20093	16021.06628	12717.40703	10600.53352	9192.800669	139379.1674
북동	30	안동	15727.48121	21992.82475	32582.14794	34654.61873	45059.59102	44390.22767	40101.30463	36923.90438	33834.42237	24671.42506	16916.96768	13762.92562	263601.0807
북동	45	안동	11734.73735	17461.93293	26328.80978	29756.11918	38282.09321	38790.88701	35345.76492	32629.38105	28219.94695	20168.23813	13965.70998	10178.9821	221414.9332
북동	60	안동	10297.64358	14888.69724	21779.65237	25433.16292	31433.64445	32396.3807	30032.20055	28159.76155	23673.22958	17262.62686	12351.84058	9055.7371	187708.3487
북동	90	안동	10095.27636	12604.95493	16845.00926	19247.41308	21662.37425	22160.48056	21540.27525	21018.30735	17976.57492	13959.46485	10496.64071	9247.179824	143874.6364
북	30	안동	7835.740599	15016.70708	26949.22353	32335.06427	43678.71441	43639.66511	39362.35395	34458.19685	29093.13165	18914.16281	11953.9448	6121.903751	226273.2275
북	45	안동	7335.463064	9342.73184	15946.03985	25173.45026	35745.35113	37376.34752	33952.23514	28530.26066	20364.12385	12024.20345	10471.95626	6664.944501	177823.8302
북	60	안동	8034.789817	9735.532036	11160.21978	17099.33337	26122.72002	29302.71892	26935.82039	21344.68089	13529.79636	11616.21181	10360.33066	7343.221834	140895.549
북	90	안동	9341.471551	10258.43611	11987.3048	13004.76059	14357.35079	15841.30341	16041.96678	15185.51535	13136.58814	11313.94738	9643.666793	8686.202028	108728.4552
수평	0	수원	28252.51952	34997.75206	44461.92709	44429.61204	49249.37655	44982.46071	41472.63369	41645.44528	38664.08375	35564.58179	30013.33486	26297.09954	335948.9492
남	30	수원	46308.19944	49744.33869	55313.58429	48541.97781	49199.25441	43553.69504	41267.45053	44080.54824	44916.47543	47628.27424	47530.52629	45204.73286	411076.442
남	45	수원	51633.20181	53145.11049	56239.53042	46755.08097	45385.70125	39594.3225	38071.79211	41930.84548	44559.4115	49878.81687	52475.44056	51041.05467	416380.7995
남	60	수원	53945.60111	53525.17111	54011.24	42523.87034	39374.10861	33811.5255	33131.62545	37720.96599	41862.58344	49344.21235	54366.87539	53876.26031	399340.1966
남	90	수원	49118.2889	45327.17832	40909.4584	27966.8559	22766.01363	19094.85282	19735.69716	24287.69591	30294.57665	40252.61189	48690.58794	49988.15311	305024.7044
남동	30	수원	40076.87365	44608.75995	51337.82309	47172.28565	48559.18637	42827.83439	42055.87655	43364.09297	42644.7258	43439.19231	41329.80037	38858.51809	384161.3549
남동	45	수원	42952.02646	46110.36478	50996.19634	45166.79609	45084.55978	39225.40332	39594.71357	41306.19838	41642.78552	44091.93285	43737.79372	42092.43352	380974.4031
남동	60	수원	43417.89235	45140.48105	48292.03867	41364.69013	40019.09127	34419.50102	35633.26342	37644.84442	38962.3953	42609.0358	43816.98434	43022.22767	360735.1391
남동	90	수원	37279.97612	36632.74626	36644.79206	29513.13172	27152.04697	23083.01263	24969.5981	26909.20705	29079.18797	33694.23037	37124.27653	37643.44369	277027.1349
남서	30	수원	40863.33169	44828.09747	51331.37007	46319.62561	48560.75882	44216.39752	40180.51238	42904.90312	42785.11438	43572.05846	42265.67575	39349.25366	384778.0551
남서	45	수원	43940.14407	46338.77404	50926.00514	44048.46127	45096.32736	41022.17197	37214.1237	40784.61681	41824.48395	44342.95276	45204.34565	42796.26298	382045.9914
남서	60	수원	44608.50507	45445.83171	48159.47811	40103.23167	40097.63808	36348.80309	33061.45766	37091.08449	39143.64699	42862.14318	45614.46699	43856.57789	362175.1481
남서	90	수원	38701.61478	36986.69214	36475.63298	28349.57194	27196.46082	24490.19596	22864.22382	26385.53157	29244.9393	33916.32934	39066.25926	38544.18081	278802.2297
동	30	수원	27036.92139	33174.16537	41997.85558	42435.00013	46232.28901	41725.64411	41366.92844	40296.06499	37118.48647	33966.39645	28322.06818	25193.78238	320537.0396
동	45	수원	25802.18098	31190.89814	39223.01529	39417.08634	42446.74556	38168.12906	39032.43174	37678.49751	34850.12561	31960.24027	27004.15372	24057.43261	300065.9245
동	60	수원	24018.00816	28774.72653	35755.3435	35582.90211	37884.27736	33911.9218	35642.45394	34255.15759	31864.85075	29347.66518	25381.81768	22592.75275	273895.2606
동	90	수원	19783.54202	22963.47028	27306.78774	26495.21563	27839.54747	24874.91122	27031.79463	25938.80737	24370.31641	22791.94905	20667.67881	18544.57053	210757.627
서	30	수원	27817.82905	33622.57691	41889.41614	41284.91188	46198.89417	43663.27567	38671.63915	39771.922	37309.20746	34068.05511	29762.93112	25711.87989	321121.4553
서	45	수원	26801.42673	31864.24496	39004.92983	37933.90048	42450.32771	40635.41799	35597.97163	36997.86656	35076.40302	32042.93819	28692.51294	24718.53017	300681.1106
서	60	수원	25409.2597	29455.17118	35492.88361	33980.96	37894.89766	36579.35282	31939.20846	33465.38271	32137.56143	29477.85087	26923.05695	23286.26382	274543.4611
서	90	수원	20845.96449	23048.44394	27288.78518	25180.11999	27734.45463	26941.95228	23908.30499	25266.96285	24581.0276	22947.23566	22131.18181	19237.59863	211067.8411
북서	30	수원	14964.84445	21698.92714	31301.53134	35563.35658	42756.30282	41729.4805	37012.11716	35719.09012	30811.45821	23899.40236	16726.56352	12594.4971	251956.2497
북서	45	수원	11518.26849	16784.15666	24865.02461	29585.93635	36809.18651	37138.54299	32399.03001	30875.82368	26066.72315	19002.33307	12871.82723	9578.635513	210152.2713
북서	60	수원	10265.18116	13978.10922	20437.03102	24395.56982	30727.66544	31724.10524	27553.67103	26194.62075	22185.59687	15982.17411	11185.07714	8655.001696	177848.9576
북서	90	수원	9759.177147	11766.17824	15915.55792	17870.29958	21660.59795	22487.09376	20124.92089	19450.67493	17008.16971	13037.60046	10239.82634	8677.660981	137400.6377
북동	30	수원	14541.84661	21294.52942	31392.97681	36395.23509	42816.69541	40265.88429	39135.11075	36141.38075	30660.35801	23813.28787	15942.42718	12405.22914	252043.3514
북동	45	수원	11205.20394	16499.03475	24978.16727	30640.53951	36869.95969	35151.74158	35239.84987	31381.34678	25892.33175	18967.09827	12207.39338	9440.119136	210942.4141
북동	60	수원	9988.166745	14007.46192	20462.76923	25477.32809	30785.48508	29575.68518	30627.52243	26737.98754	22031.16505	15961.31628	10749.17631	8537.940896	179120.3138
북동	90	수원	9677.475546	11999.0994	15771.8583	18566.56588	21853.63552	20971.0396	22436.82802	19877.13107	16875.93042	13040.09099	10112.10327	8596.926949	138734.7911
북	30	수원	8242.309286	14903.96134	26024.50384	33391.26613	41535.73173	40518.66513	37432.67457	34204.43547	27634.72706	18390.42153	9385.971235	6673.688422	218228.3164
북	45	수원	7970.308024	9432.57708	15075.47986	25288.97463	34413.02693	35119.82705	32527.1086	27882.43601	20107.04631	11045.84929	7980.69841	7118.875629	171264.82
북	60	수원	8435.601774	9712.749311	10884.35475	16331.93417	25713.42046	28054.03345	26101.43487	20363.57707	14134.66534	10882.62125	8452.014895	7570.187768	136550.9653
북	90	수원	9134.786553	10076.42072	11611.8969	12816.50041	15105.0248	16185.05522	16007.77859	14411.58314	13012.86772	10884.4391	9206.730856	8329.940847	107251.7605
수평	0	대관	32777.98559	37405.32852	43064.56135	46496.819	49460.364	46834.08034	44650.18634	41910.66172	41652.82804	38710.62056	31392.4669	28931.42864	352879.562
남	30	대관	57851.01225	56406.13279	53959.21658	50941.66314	49667.97312	44980.5685	44252.32869	44950.00628	49996.88237	53389.11443	50971.33626	52767.12529	445152.6073
남	45	대관	65651.09057	61288.17069	55028.45906	49083.14342	45873.54714	40645.62975	40712.29909	42978.61768	50128.99201	56399.23211	56622.39737	60400.13364	455731.6419
남	60	대관	69507.28084	62573.55097	53013.41421	44651.85166	39843.07588	34461.55715	35268.91945	38832.71054	47501.86875	56181.07694	58933.94968	64412.58418	441296.812
남	90	대관	64623.5036	54255.02832	40480.58122	29276.63687	22985.43146	18822.89852	20545.76773	25206.90557	34843.23087	46338.40401	53146.73132	60747.41399	343454.2549
남동	30	대관	48741.44766	50080.7305	49662.4661	48149.43496	48720.53711	44238.72462	43933.44477	43250.03089	46898.7959	49008.86456	44149.57908	45331.27422	410242.7164
남동	45	대관	52912.71753	52642.80995	49336.54661	45806.10334	45293.33022	40396.64211	40860.51582	40986.66863	46193.50713	50422.6495	47037.75194	49887.7318	409865.3707
남동	60	대관	54176.30881	52446.83066	46955.47798	41736.43719	40283.11546	35301.70707	36351.59669	37230.32083	43467.16835	49180.82257	47257.13351	51675.69389	391028.1136
남동	90	대관	47412.24224	43979.45015	36072.97207	29592.13201	27463.65093	23458.9673	24721.99258	26498.54556	32800.84888	39679.86034	40480.37746	46449.25869	305247.5657
남서	30	대관	50647.03549	50091.91915	50633.72833	50186.29664	49337.14941	45859.6485	44052.81309	44398.79128	47364.27293	47802.22557	45122.95097	44835.51279	416195.8498
남서	45	대관	55485.11401	52472.14825	50625.85357	48462.59151	46022.46564	42443.13851	40990.18201	42509.28105	46810.06834	48911.32224	48533.71844	49321.03003	417756.6806
남서	60	대관	57241.33452	52254.04249	48450.57417	44720.1582	41027.42793	37511.74741	36460.83399	38934.33694	44097.21435	47425.92898	49156.20721	50966.94035	399921.6405
남서	90	대관	50799.99663	43670.41122	37612.03889	32436.43432	27971.9495	25197.6434	24830.90105	27936.12603	33382.42635	37869.05876	42439.58362	45438.79773	313264.2977
동	30	대관	30972.608	36126.13262	40608.0389	42706.40783	46170.6712	43041.9673	42492.91797	39623.55199	39669.41171	37884.49884	29861.92409	28607.52124	334249.8502
동	45	대관	29788.51164	34855.17985	38179.93045	39262.44946	42421.91923	39269.10916	39323.38872	36614.31221	37242.31614	36095.42487	28590.58071	27922.16278	313622.2523
동	60	대관	28180.47261	33065.61722	35171.95696	35276.08145	37963.09621	34897.1633	35254.01123	33020.26979	34135.51039	33525.25097	26878.91792	26880.08872	287791.6084
동	90	대관	23581.79869	27295.88111	27604.2233	26581.07511	28115.88539	25691.46148	26023.64183	24878.72136	26564.42923	26778.75228	21978.48624	22928.64438	224784.238
서	30	대관	32783.22446	36028.41026	41905.82303	45367.17557	46911.6777	45349.57573	42618.92455	41229.96124	40410.14117	36412.36728	31147.16621	28094.57115	341896.0867
서	45	대관	32000.68183	34662.00173	39870.90874	42672.7218	43345.73683	42193.06379	39440.36536	38731.1146	38190.95757	34263.02493	30073.92766	27318.96697	323245.2228
서	60	대관	30837.47395	32785.12597	37020.25032	38974.42014	38936.1785	38017.48474	35368.25033	35294.67726	35212.11204	31582.92002	28301.42948	25949.90769	298027.8317
서	90	대관	26246.9349	27070.9571	29109.72467	29554.05566	28852.82135	28208.82192	26161.25711	26619.41022	27383.05144	24970.52462	23491.89536	22200.35762	233426.7234
북서	30	대관	14865.33878	21224.71782	31437.99584	38474.00942	43161.80645	43144.74521	40177.06552	36782.02169	31931.43978	24445.44396	16592.67961	12056.47591	258942.9339
북서	45	대관	10776.74642	16172.09354	25835.7548	32635.17626	37235.43271	38210.20639	35235.22955	32071.07868	26604.21287	18994.24486	12476.98344	8776.945814	215695.3057
북서	60	대관	9559.226689	13748.19974	21825.36792	27329.43063	31179.1646	32526.87334	29818.1425	27370.12127	22480.64005	15850.86103	10903.24124	8105.79114	183290.9779
북서	90	대관	9898.250702	12315.83846	17125.8118	20098.72792	22267.97946	23079.17138	21389.0814	20265.80633	17457.22413	13343.54324	10468.76314	8816.571113	143622.6825
북동	30	대관	14182.01874	21391.07205	30481.05005	36506.75056	42618.53892	41378.94111	40085.07553	35566.51054	31366.86234	25378.61044	16044.91942	12381.94918	253905.1338
북동	45	대관	10107.61064	16398.20436	24658.01045	30258.97422	36473.5041	35829.38142	35144.12394	30451.38244	25826.68515	20034.37443	11990.40427	9028.366568	209259.159
북동	60	대관	8863.411859	13827.73318	20771.52248	25052.73416	30411.0857	29938.36345	29754.14101	25701.94793	21694.64258	16894.91322	10544.03254	8188.905677	176693.6034
북동	90	대관	9505.240107	12327.81357	16535.77817	18738.6008	21734.0932	21257.76221	21303.37248	19241.681	16881.09498	14090.15868	10290.63961	8827.939458	139406.5887
북	30	대관	5773.898757	12615.37172	25663.29768	34542.85046	41556.96549	41745.54548	39328.24054	34394.88954	27478.01411	18137.16066	8639.539668	5143.287539	215888.1323
북	45	대관	5989.735076	7252.726609	15230.65964	25836.36983	34262.91019	35848.91153	33586.46442	27980.80366	18284.59913	9975.944058	7305.558529	5812.758061	166544.569
북	60	대관	6919.043528	8057.434878	11440.66489	16294.81056	25355.44589	28204.32599	26267.83426	20340.95641	12146.42586	10069.69782	7974.814546	6591.613439	131538.2983
북	90	대관	8896.350399	9712.645029	12179.74883	12877.95549	14900.70644	15768.42555	15694.70425	14651.79236	12325.44644	10901.9303	9200.537766	8244.299693	106240.3324
수평	0	추풍	29523.02242	36828.53987	43919.34005	49531.2356	51668.47208	42075.4249	41572.70551	44269.36546	37230.22782	39266.99381	31986.44156	28335.67262	347786.9218
남	30	추풍	48451.41219	53330.92908	53545.20639	53894.59279	51183.86885	41083.38301	41556.99065	46998.81069	42976.59215	52322.02423	49927.20636	49213.22678	426507.2874
남	45	추풍	54002.88427	57232.49909	54039.77775	51702.02809	46912.70018	37573.62279	38451.91506	44692.64961	42540.8723	54627.49274	54867.17634	55679.64955	432087.3625
남	60	추풍	56377.87979	57810.34303	51543.65255	46740.53825	40285.16462	32332.71049	33523.97141	40098.05218	39888.43792	53842.13574	56606.27298	58845.29776	414137.5001
남	90	추풍	51178.53462	49066.52636	38451.06892	29892.59117	22347.88976	18802.02164	20021.97858	25512.19818	28773.91505	43420.01569	50233.99091	54650.97992	315072.0225
남동	30	추풍	42020.94404	47891.80599	49329.95507	51532.72365	50561.42092	41045.00572	41703.33306	45442.50536	40756.14239	47869.10839	43694.41416	42080.44599	396985.3978
남동	45	추풍	45020.23768	49744.84601	48364.83861	49029.78632	46690.49791	37961.57998	38988.91802	42802.1507	39693.60081	48545.03344	46133.98468	45616.40132	392983.0716
남동	60	추풍	45548.44469	48948.05212	45286.215	44777.46305	41201.10608	33553.16489	34814.74878	38522.55947	37003.73171	46787.80987	46020.44612	46675.50633	371402.8255
남동	90	추풍	39069.10508	39965.51083	33614.35085	31967.13362	27503.80837	22660.09516	24139.42541	26699.45603	27450.86009	36895.58496	38869.30552	41002.94355	284258.9049
남서	30	추풍	42599.48341	47635.53655	50439.21659	52474.03913	50512.12494	41064.0542	41022.536	45896.70649	41190.85195	47634.12372	44368.26432	42878.60802	399772.274
남서	45	추풍	45734.28815	49274.31	49858.46839	50241.8803	46652.7552	37995.42263	38238.81972	43475.0147	40277.2672	48359.17456	47219.92525	46809.22084	397072.2127
남서	60	추풍	46391.81572	48374.48301	47041.35762	46100.81898	41100.26869	33623.70545	34148.42621	39319.58974	37641.53273	46636.27993	47399.31215	48117.70666	376388.7693
남서	90	추풍	40046.38784	39302.99343	35343.51201	33135.75325	27347.97147	22825.01676	23665.92676	27368.68969	28077.54047	36748.08271	40244.63872	42495.19443	289259.0641
동	30	추풍	28388.94108	35340.99433	40610.27377	45850.20345	48236.09645	40352.03518	40663.90708	41841.84237	35595.40212	37447.07444	30526.60388	27252.47108	330166.4154
동	45	추풍	27118.72735	33493.81485	37480.69878	42406.48081	44122.04298	37327.8504	37912.9836	38374.38435	33319.1603	35259.45372	29166.40348	26230.56414	308301.316
동	60	추풍	25419.83016	31135.4181	33815.41002	38365.59594	39212.00382	33380.63395	34220.91497	34184.12158	30370.72662	32438.13379	27309.28932	25038.92031	281010.9229
동	90	추풍	20896.2973	24800.01977	25389.54835	29059.24127	28629.78315	24479.03823	25725.02956	25009.51153	23308.76564	25559.10397	22125.34574	21055.52185	216090.7427
서	30	추풍	28911.13779	35004.20193	42047.56731	47110.91372	48047.36156	40367.5335	39781.15178	42506.73696	36219.86646	37250.04395	31383.05301	28299.29262	333712.817
서	45	추풍	27833.44004	33052.10397	39277.05344	44026.56195	43881.0561	37378.21934	36920.09569	39288.59916	34112.27817	35055.59244	30132.19711	27623.33987	312988.5861
서	60	추풍	26405.55123	30596.65597	35703.32589	40114.05602	38914.82523	33497.61285	33274.67188	35138.46445	31243.98613	32278.22507	28230.69805	26315.37744	286037.7753
서	90	추풍	21656.33227	24286.35777	27048.5811	30463.98818	28209.12911	24481.85035	24742.95237	25620.92579	23878.8829	25091.86371	23343.63709	22174.06962	219742.2779
북서	30	추풍	15414.6333	21961.83587	32307.3954	39824.99852	44488.0077	38968.51894	38001.91727	38295.54078	30162.66179	25896.12593	17813.43416	13769.71444	260913.4365
북서	45	추풍	11687.23773	16701.49572	26085.83713	33375.92505	38032.10318	34697.60962	33644.82315	32956.72659	25703.26893	20330.36023	13594.28658	10352.47872	217309.2277
북서	60	추풍	10283.10998	13945.8344	21454.22599	27731.63754	31357.91993	29654.99976	28784.74824	27524.24922	21909.70804	16705.21356	11778.66244	9160.227783	183026.2592
북서	90	추풍	9858.654343	12164.27463	16146.79635	20367.38091	21653.3835	20954.77323	20755.04447	19640.23756	16599.12214	13404.75636	10801.5693	9279.364729	140044.0899
북동	30	추풍	15125.19912	22228.68546	31297.02204	38859.56239	44735.49	38966.41612	38695.50621	37849.82413	29710.75904	25974.09063	17426.47969	13306.42522	258906.9597
북동	45	추풍	11425.69535	16993.90215	24953.65252	32153.59291	38260.91834	34694.40115	34551.85733	32313.63487	25142.51212	20467.11016	13162.6313	10088.40529	215143.749
북동	60	추풍	10065.92327	14157.17131	20412.50191	26506.84945	31651.14787	29614.0436	29691.82015	26908.2236	21434.89571	17080.63464	11249.77126	9101.555976	181268.0071
북동	90	추풍	9759.548879	12228.18498	15529.73088	19549.3884	22092.44125	21115.71789	21670.4127	19444.80089	16419.53496	13918.03162	10453.97836	9195.232853	139883.1345
북	30	추풍	8198.183637	14864.89713	27186.42399	36085.31828	43330.77269	38566.82787	37722.32559	36404.15393	27058.74087	19705.07939	10219.0301	6501.593938	223790.8599
북	45	추풍	7534.976892	8510.942881	16901.59618	26444.89945	35655.28878	33858.21165	32882.26945	29674.732	20018.49226	10660.40992	7840.85188	6918.279946	173525.6209
북	60	추풍	8120.150757	9155.444798	11821.17381	15763.87956	26289.19113	27564.60203	26496.14489	21652.4448	14112.09567	10121.85059	8378.48161	7536.783552	136898.2595
북	90	추풍	9107.147598	10263.30306	12089.18369	12083.31666	14494.7936	16387.52012	16217.81834	14917.54142	12857.12281	10666.20755	9321.926334	8682.373734	107479.1066
